gbifID,scientificName,decimalLatitude,decimalLongitude,coordinateUncertaintyInMeters,eventDate,year,basisOfRecord,datasetKey,datasetName,stateProvince,locality,period,cell_x,cell_y,cell_lon,cell_lat
6162908977,"Pomacea canaliculata (Lamarck, 1822)",35.337545,136.634053,10.0,2026-02-22T16:57:53,2026.0,HUMAN_OBSERVATION,50c9509d-22c7-4a22-a47d-8c48425ef4a7,iNaturalist research-grade observations,Gifu,,2019-2026,1639,424,136.625,35.375
6178432587,"Pomacea canaliculata (Lamarck, 1822)",34.982019,135.907796,9.0,2026-03-06T14:33:47,2026.0,HUMAN_OBSERVATION,50c9509d-22c7-4a22-a47d-8c48425ef4a7,iNaturalist research-grade observations,Shiga,,2019-2026,1630,419,135.875,34.95833333333333
6195401254,"Pomacea canaliculata (Lamarck, 1822)",33.987383,131.354295,7.0,2026-04-08T16:50:30,2026.0,HUMAN_OBSERVATION,50c9509d-22c7-4a22-a47d-8c48425ef4a7,iNaturalist research-grade observations,Yamaguchi,,2019-2026,1576,407,131.375,33.95833333333333
6235922460,"Pomacea canaliculata (Lamarck, 1822)",26.455975,127.857292,15.0,2026-04-19T17:46:27,2026.0,HUMAN_OBSERVATION,50c9509d-22c7-4a22-a47d-8c48425ef4a7,iNaturalist research-grade observations,Okinawa,,2019-2026,1534,317,127.875,26.458333333333332
6353158424,"Pomacea canaliculata (Lamarck, 1822)",35.426356,139.341376,89.0,2026-05-31T14:56:56,2026.0,HUMAN_OBSERVATION,50c9509d-22c7-4a22-a47d-8c48425ef4a7,iNaturalist research-grade observations,Kanagawa,,2019-2026,1672,425,139.375,35.45833333333333
6399516765,"Pomacea canaliculata (Lamarck, 1822)",35.006978,135.880722,20.0,2026-06-12T21:50:54,2026.0,HUMAN_OBSERVATION,50c9509d-22c7-4a22-a47d-8c48425ef4a7,iNaturalist research-grade observations,Shiga,,2019-2026,1630,420,135.875,35.041666666666664
6423069875,"Pomacea canaliculata (Lamarck, 1822)",35.348172,140.383178,4.0,2026-06-14T14:12:33,2026.0,HUMAN_OBSERVATION,50c9509d-22c7-4a22-a47d-8c48425ef4a7,iNaturalist research-grade observations,Chiba,,2019-2026,1684,424,140.375,35.375
6431529055,"Pomacea canaliculata (Lamarck, 1822)",35.011317,135.604656,27.0,2026-07-06T13:38:27,2026.0,HUMAN_OBSERVATION,50c9509d-22c7-4a22-a47d-8c48425ef4a7,iNaturalist research-grade observations,Kyoto,,2019-2026,1627,420,135.625,35.041666666666664
6431878572,"Pomacea canaliculata (Lamarck, 1822)",34.718663,135.695918,19.0,2026-07-04T11:06:53,2026.0,HUMAN_OBSERVATION,50c9509d-22c7-4a22-a47d-8c48425ef4a7,iNaturalist research-grade observations,Osaka,,2019-2026,1628,416,135.70833333333331,34.70833333333333
6441283005,"Pomacea canaliculata (Lamarck, 1822)",35.133861,135.990688,701.0,2026-07-11T10:02,2026.0,HUMAN_OBSERVATION,50c9509d-22c7-4a22-a47d-8c48425ef4a7,iNaturalist research-grade observations,Shiga,,2019-2026,1631,421,135.95833333333331,35.125
6441756673,"Pomacea canaliculata (Lamarck, 1822)",33.844495,132.723463,4.0,2026-07-10T14:26:37,2026.0,HUMAN_OBSERVATION,50c9509d-22c7-4a22-a47d-8c48425ef4a7,iNaturalist research-grade observations,Ehime,,2019-2026,1592,406,132.70833333333331,33.875
6452183816,"Pomacea canaliculata (Lamarck, 1822)",34.983966,136.618548,104.0,2026-07-14T12:47,2026.0,HUMAN_OBSERVATION,50c9509d-22c7-4a22-a47d-8c48425ef4a7,iNaturalist research-grade observations,Mie,,2019-2026,1639,419,136.625,34.95833333333333
6469978621,"Pomacea canaliculata (Lamarck, 1822)",34.77602,135.486225,1.0,2026-07-23T16:44,2026.0,HUMAN_OBSERVATION,50c9509d-22c7-4a22-a47d-8c48425ef4a7,iNaturalist research-grade observations,Osaka,,2019-2026,1625,417,135.45833333333331,34.791666666666664
6480295325,"Pomacea canaliculata (Lamarck, 1822)",33.706096,130.960667,7.0,2026-07-31T15:54:28,2026.0,HUMAN_OBSERVATION,50c9509d-22c7-4a22-a47d-8c48425ef4a7,iNaturalist research-grade observations,Fukuoka,,2019-2026,1571,404,130.95833333333331,33.70833333333333
6499852866,"Pomacea canaliculata (Lamarck, 1822)",33.197046,130.298091,,2026-07-08T11:05:09,2026.0,HUMAN_OBSERVATION,50c9509d-22c7-4a22-a47d-8c48425ef4a7,iNaturalist research-grade observations,Saga,,2019-2026,1563,398,130.29166666666666,33.20833333333333
6479721681,"Pomacea canaliculata (Lamarck, 1822)",34.12112,134.345245,13.0,2026-08-02T12:08:22,2026.0,HUMAN_OBSERVATION,50c9509d-22c7-4a22-a47d-8c48425ef4a7,iNaturalist research-grade observations,Tokushima,,2019-2026,1612,409,134.375,34.125
6498530424,"Pomacea canaliculata (Lamarck, 1822)",34.675281,137.417887,931.0,2026-08-13T16:46:54,2026.0,HUMAN_OBSERVATION,50c9509d-22c7-4a22-a47d-8c48425ef4a7,iNaturalist research-grade observations,Aichi,,2019-2026,1649,416,137.45833333333331,34.70833333333333
6498775361,"Pomacea canaliculata (Lamarck, 1822)",34.827847,137.678572,2.0,2026-08-16T05:52:08,2026.0,HUMAN_OBSERVATION,50c9509d-22c7-4a22-a47d-8c48425ef4a7,iNaturalist research-grade observations,Shizuoka,,2019-2026,1652,417,137.70833333333331,34.791666666666664
6498897508,"Pomacea canaliculata (Lamarck, 1822)",33.29951,130.171257,10.0,2026-08-14T09:00:01,2026.0,HUMAN_OBSERVATION,50c9509d-22c7-4a22-a47d-8c48425ef4a7,iNaturalist research-grade observations,Saga,,2019-2026,1562,399,130.20833333333331,33.291666666666664
6520000875,"Pomacea canaliculata (Lamarck, 1822)",35.075881,135.934305,,2026-08-14T16:56:56,2026.0,HUMAN_OBSERVATION,50c9509d-22c7-4a22-a47d-8c48425ef4a7,iNaturalist research-grade observations,Shiga,,2019-2026,1631,420,135.95833333333331,35.041666666666664
6520646366,"Pomacea canaliculata (Lamarck, 1822)",35.332778,136.624771,7.0,2026-08-21T16:14:23,2026.0,HUMAN_OBSERVATION,50c9509d-22c7-4a22-a47d-8c48425ef4a7,iNaturalist research-grade observations,Gifu,,2019-2026,1639,423,136.625,35.291666666666664
5134802341,"Pomacea canaliculata (Lamarck, 1822)",35.720791,140.684095,103.0,2025-03-12T13:10:41,2025.0,HUMAN_OBSERVATION,50c9509d-22c7-4a22-a47d-8c48425ef4a7,iNaturalist research-grade observations,Chiba,,2019-2026,1688,428,140.70833333333331,35.70833333333333
5293118891,"Pomacea canaliculata (Lamarck, 1822)",33.525354,133.370556,244.0,2025-05-26T14:02,2025.0,HUMAN_OBSERVATION,50c9509d-22c7-4a22-a47d-8c48425ef4a7,iNaturalist research-grade observations,Kochi,,2019-2026,1600,402,133.375,33.541666666666664
5935585402,"Pomacea canaliculata (Lamarck, 1822)",34.805163,137.65188,184.0,2025-05-16T11:19:20,2025.0,HUMAN_OBSERVATION,50c9509d-22c7-4a22-a47d-8c48425ef4a7,iNaturalist research-grade observations,Shizuoka,,2019-2026,1651,417,137.625,34.791666666666664
5205961419,"Pomacea canaliculata (Lamarck, 1822)",33.592328,130.891937,3.0,2025-06-22T14:23:45,2025.0,HUMAN_OBSERVATION,50c9509d-22c7-4a22-a47d-8c48425ef4a7,iNaturalist research-grade observations,Fukuoka,,2019-2026,1570,403,130.875,33.625
5215776578,"Pomacea canaliculata (Lamarck, 1822)",34.782301,135.550993,47.0,2025-06-28T16:17:36,2025.0,HUMAN_OBSERVATION,50c9509d-22c7-4a22-a47d-8c48425ef4a7,iNaturalist research-grade observations,Osaka,,2019-2026,1626,417,135.54166666666666,34.791666666666664
6131522065,"Pomacea canaliculata (Lamarck, 1822)",34.912572,135.769012,8.0,2025-06-22T17:09:17,2025.0,HUMAN_OBSERVATION,50c9509d-22c7-4a22-a47d-8c48425ef4a7,iNaturalist research-grade observations,Kyoto,,2019-2026,1629,418,135.79166666666666,34.875
5217545470,"Pomacea canaliculata (Lamarck, 1822)",35.542196,140.348007,,2025-07-03T15:09:05,2025.0,HUMAN_OBSERVATION,50c9509d-22c7-4a22-a47d-8c48425ef4a7,iNaturalist research-grade observations,Chiba,,2019-2026,1684,426,140.375,35.541666666666664
5231176001,"Pomacea canaliculata (Lamarck, 1822)",34.657653,136.512685,,2025-07-20T09:28,2025.0,HUMAN_OBSERVATION,50c9509d-22c7-4a22-a47d-8c48425ef4a7,iNaturalist research-grade observations,Mie,,2019-2026,1638,415,136.54166666666666,34.625
5237586434,"Pomacea canaliculata (Lamarck, 1822)",34.751047,135.610214,14.0,2025-07-26T19:09:45,2025.0,HUMAN_OBSERVATION,50c9509d-22c7-4a22-a47d-8c48425ef4a7,iNaturalist research-grade observations,Osaka,,2019-2026,1627,417,135.625,34.791666666666664
5282602514,"Pomacea canaliculata (Lamarck, 1822)",35.127822,137.009706,3.0,2025-07-30T17:38:35,2025.0,HUMAN_OBSERVATION,50c9509d-22c7-4a22-a47d-8c48425ef4a7,iNaturalist research-grade observations,Aichi,,2019-2026,1644,421,137.04166666666666,35.125
6196054473,"Pomacea canaliculata (Lamarck, 1822)",34.740844,136.529578,53.0,2025-07-19T03:36,2025.0,HUMAN_OBSERVATION,50c9509d-22c7-4a22-a47d-8c48425ef4a7,iNaturalist research-grade observations,Mie,,2019-2026,1638,416,136.54166666666666,34.70833333333333
5759506103,"Pomacea canaliculata (Lamarck, 1822)",33.970963,132.776887,5.0,2025-08-23T16:17:53,2025.0,HUMAN_OBSERVATION,50c9509d-22c7-4a22-a47d-8c48425ef4a7,iNaturalist research-grade observations,Ehime,,2019-2026,1593,407,132.79166666666666,33.95833333333333
5759530464,"Pomacea canaliculata (Lamarck, 1822)",35.046658,136.695817,8.0,2025-08-21T19:00:18,2025.0,HUMAN_OBSERVATION,50c9509d-22c7-4a22-a47d-8c48425ef4a7,iNaturalist research-grade observations,Mie,,2019-2026,1640,420,136.70833333333331,35.041666666666664
6131351725,"Pomacea canaliculata (Lamarck, 1822)",35.314261,139.355011,9.0,2025-08-29T14:59,2025.0,HUMAN_OBSERVATION,50c9509d-22c7-4a22-a47d-8c48425ef4a7,iNaturalist research-grade observations,Kanagawa,,2019-2026,1672,423,139.375,35.291666666666664
5837643002,"Pomacea canaliculata (Lamarck, 1822)",34.93083,135.72162,3.0,2025-09-30T11:07:35,2025.0,HUMAN_OBSERVATION,50c9509d-22c7-4a22-a47d-8c48425ef4a7,iNaturalist research-grade observations,Kyoto,,2019-2026,1628,419,135.70833333333331,34.95833333333333
4597118576,"Pomacea canaliculata (Lamarck, 1822)",35.547703,139.451431,4.0,2024-03-17T15:00,2024.0,HUMAN_OBSERVATION,50c9509d-22c7-4a22-a47d-8c48425ef4a7,iNaturalist research-grade observations,Tokyo,,2019-2026,1673,426,139.45833333333331,35.541666666666664
4855144935,"Pomacea canaliculata (Lamarck, 1822)",35.36882,139.314441,38.0,2024-05-03T13:15:36,2024.0,HUMAN_OBSERVATION,50c9509d-22c7-4a22-a47d-8c48425ef4a7,iNaturalist research-grade observations,Kanagawa,,2019-2026,1671,424,139.29166666666666,35.375
4872229857,"Pomacea canaliculata (Lamarck, 1822)",33.550992,133.67758,4.0,2024-05-24T13:52:15,2024.0,HUMAN_OBSERVATION,50c9509d-22c7-4a22-a47d-8c48425ef4a7,iNaturalist research-grade observations,Kochi,,2019-2026,1604,402,133.70833333333331,33.541666666666664
4901932576,"Pomacea canaliculata (Lamarck, 1822)",35.213496,136.817999,99.0,2024-06-01T16:28,2024.0,HUMAN_OBSERVATION,50c9509d-22c7-4a22-a47d-8c48425ef4a7,iNaturalist research-grade observations,Aichi,,2019-2026,1641,422,136.79166666666666,35.20833333333333
4904161231,"Pomacea canaliculata (Lamarck, 1822)",34.38507,135.300613,4.0,2024-06-27T18:02:17,2024.0,HUMAN_OBSERVATION,50c9509d-22c7-4a22-a47d-8c48425ef4a7,iNaturalist research-grade observations,Osaka,,2019-2026,1623,412,135.29166666666666,34.375
6163016981,"Pomacea canaliculata (Lamarck, 1822)",34.632438,135.57518,6.0,2024-07-29T01:37:05,2024.0,HUMAN_OBSERVATION,50c9509d-22c7-4a22-a47d-8c48425ef4a7,iNaturalist research-grade observations,Osaka,,2019-2026,1626,415,135.54166666666666,34.625
4926020273,"Pomacea canaliculata (Lamarck, 1822)",35.310009,136.770266,19.0,2024-08-14T13:22:10,2024.0,HUMAN_OBSERVATION,50c9509d-22c7-4a22-a47d-8c48425ef4a7,iNaturalist research-grade observations,Aichi,,2019-2026,1641,423,136.79166666666666,35.291666666666664
4046219634,"Pomacea canaliculata (Lamarck, 1822)",33.741723,130.461372,5.0,2023-02-20T16:29:23,2023.0,HUMAN_OBSERVATION,50c9509d-22c7-4a22-a47d-8c48425ef4a7,iNaturalist research-grade observations,Fukuoka,,2019-2026,1565,404,130.45833333333331,33.70833333333333
4055066062,"Pomacea canaliculata (Lamarck, 1822)",35.353225,139.457403,,2023-03-05T11:10,2023.0,HUMAN_OBSERVATION,50c9509d-22c7-4a22-a47d-8c48425ef4a7,iNaturalist research-grade observations,Kanagawa,,2019-2026,1673,424,139.45833333333331,35.375
4138654647,"Pomacea canaliculata (Lamarck, 1822)",34.731247,135.54068,4.0,2023-06-23T20:56:38,2023.0,HUMAN_OBSERVATION,50c9509d-22c7-4a22-a47d-8c48425ef4a7,iNaturalist research-grade observations,Osaka,,2019-2026,1626,416,135.54166666666666,34.70833333333333
5087272807,"Pomacea canaliculata (Lamarck, 1822)",34.57841,135.511878,6.0,2023-06-27T15:06:09,2023.0,HUMAN_OBSERVATION,50c9509d-22c7-4a22-a47d-8c48425ef4a7,iNaturalist research-grade observations,Osaka,,2019-2026,1626,414,135.54166666666666,34.541666666666664
6498313210,"Pomacea canaliculata (Lamarck, 1822)",34.956188,138.40822,10.0,2023-06-03T21:15:43,2023.0,HUMAN_OBSERVATION,50c9509d-22c7-4a22-a47d-8c48425ef4a7,iNaturalist research-grade observations,Shizuoka,,2019-2026,1660,419,138.375,34.95833333333333
4599892631,"Pomacea canaliculata (Lamarck, 1822)",35.764092,140.755722,4.0,2023-08-06T11:43:19,2023.0,HUMAN_OBSERVATION,50c9509d-22c7-4a22-a47d-8c48425ef4a7,iNaturalist research-grade observations,Chiba,,2019-2026,1689,429,140.79166666666666,35.791666666666664
4500861406,"Pomacea canaliculata (Lamarck, 1822)",34.457535,135.813381,,2023-09-21T15:25,2023.0,HUMAN_OBSERVATION,50c9509d-22c7-4a22-a47d-8c48425ef4a7,iNaturalist research-grade observations,Nara,,2019-2026,1629,413,135.79166666666666,34.45833333333333
4413452573,"Pomacea canaliculata (Lamarck, 1822)",34.958503,138.424805,4.0,2022-06-15T17:57:07,2022.0,HUMAN_OBSERVATION,50c9509d-22c7-4a22-a47d-8c48425ef4a7,iNaturalist research-grade observations,Shizuoka,,2019-2026,1661,419,138.45833333333331,34.95833333333333
3873431707,"Pomacea canaliculata (Lamarck, 1822)",33.82002,132.788238,5.0,2022-07-16T21:04:55,2022.0,HUMAN_OBSERVATION,50c9509d-22c7-4a22-a47d-8c48425ef4a7,iNaturalist research-grade observations,Ehime,,2019-2026,1593,405,132.79166666666666,33.791666666666664
6196731077,"Pomacea canaliculata (Lamarck, 1822)",36.249162,139.724078,,2022-07-30,2022.0,PRESERVED_SPECIMEN,f0f52ff5-64d7-442f-8d12-da62a889667c,,Tochigi Prefecture,,2019-2026,1676,434,139.70833333333331,36.20833333333333
6196731080,"Pomacea canaliculata (Lamarck, 1822)",36.287673,139.50855,,2022-07-30,2022.0,PRESERVED_SPECIMEN,f0f52ff5-64d7-442f-8d12-da62a889667c,,Tochigi Prefecture,,2019-2026,1674,435,139.54166666666666,36.291666666666664
3889169737,"Pomacea canaliculata (Lamarck, 1822)",35.938361,140.443396,5.0,2022-08-04T14:31:06,2022.0,HUMAN_OBSERVATION,50c9509d-22c7-4a22-a47d-8c48425ef4a7,iNaturalist research-grade observations,Ibaraki,,2019-2026,1685,431,140.45833333333331,35.95833333333333
3902809086,"Pomacea canaliculata (Lamarck, 1822)",34.771177,138.183481,,2022-08-23T07:32:54,2022.0,HUMAN_OBSERVATION,50c9509d-22c7-4a22-a47d-8c48425ef4a7,iNaturalist research-grade observations,Shizuoka,,2019-2026,1658,417,138.20833333333331,34.791666666666664
3923576558,"Pomacea canaliculata (Lamarck, 1822)",36.061271,140.294602,54.0,2022-10-02T15:30,2022.0,HUMAN_OBSERVATION,50c9509d-22c7-4a22-a47d-8c48425ef4a7,iNaturalist research-grade observations,Ibaraki,,2019-2026,1683,432,140.29166666666666,36.041666666666664
6196727930,"Pomacea canaliculata (Lamarck, 1822)",36.291771,139.497365,,2021-03-25,2021.0,PRESERVED_SPECIMEN,f0f52ff5-64d7-442f-8d12-da62a889667c,,Tochigi Prefecture,,2019-2026,1673,435,139.45833333333331,36.291666666666664
6196727945,"Pomacea canaliculata (Lamarck, 1822)",36.250075,139.72638,,2021-03-29,2021.0,PRESERVED_SPECIMEN,f0f52ff5-64d7-442f-8d12-da62a889667c,,Tochigi Prefecture,,2019-2026,1676,435,139.70833333333331,36.291666666666664
3413409421,"Pomacea canaliculata (Lamarck, 1822)",34.499394,135.427092,,2020-10-16,2020.0,PRESERVED_SPECIMEN,aebd3dab-0a7c-4bd7-b08c-397a462cbd67,,Osaka,Ikegami-cho,2019-2026,1625,413,135.45833333333331,34.45833333333333
3413409434,"Pomacea canaliculata (Lamarck, 1822)",34.413487,135.41889,,2020-12-20,2020.0,PRESERVED_SPECIMEN,aebd3dab-0a7c-4bd7-b08c-397a462cbd67,,Osaka,Okayama-cho,2019-2026,1625,412,135.45833333333331,34.375
6196721691,"Pomacea canaliculata (Lamarck, 1822)",36.269701,139.278845,,2019-08-24,2019.0,PRESERVED_SPECIMEN,f0f52ff5-64d7-442f-8d12-da62a889667c,,Gunma Prefecture,,2019-2026,1671,435,139.29166666666666,36.291666666666664
6196726514,"Pomacea canaliculata (Lamarck, 1822)",36.152609,139.70391,,2019-09-14,2019.0,PRESERVED_SPECIMEN,f0f52ff5-64d7-442f-8d12-da62a889667c,,Ibaraki Prefecture,,2019-2026,1676,433,139.70833333333331,36.125
5060441105,"Pomacea canaliculata (Lamarck, 1822)",35.18143,136.90642,,2018-11-28,2018.0,PRESERVED_SPECIMEN,810e15d2-f762-11e1-a439-00145eb45e9a,,Aichi,Tobinosuike Funato-cho,2011-2018,1642,422,136.875,35.20833333333333
2425381335,"Pomacea canaliculata (Lamarck, 1822)",32.8505,130.1973,,2017-01-14,2017.0,HUMAN_OBSERVATION,45ff6ac5-ee78-48dd-997f-3602025bc562,,Nagasaki Prefecture,"Tanae R., Unzen City, Nagasaki Prefecture, Japan",2011-2018,1562,394,130.20833333333331,32.875
2425381379,"Pomacea canaliculata (Lamarck, 1822)",32.4832,130.2898,,2017-02-24,2017.0,HUMAN_OBSERVATION,45ff6ac5-ee78-48dd-997f-3602025bc562,,Kumamoto Prefecture,"Shimotsuura R., Amakusa City, Kumamoto Prefecture, Japan",2011-2018,1563,389,130.29166666666666,32.45833333333333
2425381998,"Pomacea canaliculata (Lamarck, 1822)",32.6041,129.7812,,2017-03-26,2017.0,HUMAN_OBSERVATION,45ff6ac5-ee78-48dd-997f-3602025bc562,,Nagasaki Prefecture,"E R., Nagasaki City, Nagasaki Prefecture, Japan",2011-2018,1557,391,129.79166666666666,32.625
2425380808,"Pomacea canaliculata (Lamarck, 1822)",32.4392,130.0182,,2017-04-13,2017.0,HUMAN_OBSERVATION,45ff6ac5-ee78-48dd-997f-3602025bc562,,Kumamoto Prefecture,"Komatsu R., Reihoku Town, Kumamoto Prefecture, Japan",2011-2018,1560,389,130.04166666666666,32.45833333333333
2425380993,"Pomacea canaliculata (Lamarck, 1822)",32.5296,130.0931,,2017-04-12,2017.0,HUMAN_OBSERVATION,45ff6ac5-ee78-48dd-997f-3602025bc562,,Kumamoto Prefecture,"Matsubara R., Reihoku Town, Kumamoto Prefecture, Japan",2011-2018,1561,390,130.125,32.541666666666664
2425381159,"Pomacea canaliculata (Lamarck, 1822)",32.2743,130.0322,,2017-04-14,2017.0,HUMAN_OBSERVATION,45ff6ac5-ee78-48dd-997f-3602025bc562,,Kumamoto Prefecture,"Kameura R., Amakusa City, Kumamoto Prefecture, Japan",2011-2018,1560,387,130.04166666666666,32.291666666666664
2425381383,"Pomacea canaliculata (Lamarck, 1822)",32.5126,130.0444,,2017-04-13,2017.0,HUMAN_OBSERVATION,45ff6ac5-ee78-48dd-997f-3602025bc562,,Kumamoto Prefecture,"Mie R., Reihoku Town, Kumamoto Prefecture, Japan",2011-2018,1560,390,130.04166666666666,32.541666666666664
2425379412,"Pomacea canaliculata (Lamarck, 1822)",32.2867,130.4782,,2017-05-27,2017.0,HUMAN_OBSERVATION,45ff6ac5-ee78-48dd-997f-3602025bc562,,Kumamoto Prefecture,"Mejima R., Ashikita Town, Kumamoto Prefecture, Japan",2011-2018,1565,387,130.45833333333331,32.291666666666664
2425380269,"Pomacea canaliculata (Lamarck, 1822)",32.1682,130.3608,,2017-05-28,2017.0,HUMAN_OBSERVATION,45ff6ac5-ee78-48dd-997f-3602025bc562,,Kumamoto Prefecture,"Sakai R., Minamata City, Kumamoto Prefecture, Japan",2011-2018,1564,386,130.375,32.20833333333333
2425380528,"Pomacea canaliculata (Lamarck, 1822)",32.3509,130.4994,,2017-05-28,2017.0,HUMAN_OBSERVATION,45ff6ac5-ee78-48dd-997f-3602025bc562,,Kumamoto Prefecture,"Kotaura R., Ashikita Town, Kumamoto Prefecture, Japan",2011-2018,1565,388,130.45833333333331,32.375
1902184615,"Pomacea canaliculata (Lamarck, 1822)",33.496004,130.104382,,2017-06-13,2017.0,PRESERVED_SPECIMEN,5fb59b97-5ae7-473a-bb66-c4da8703700f,,,,2011-2018,1561,401,130.125,33.45833333333333
2425378820,"Pomacea canaliculata (Lamarck, 1822)",33.2029,131.8611,,2017-07-20,2017.0,HUMAN_OBSERVATION,45ff6ac5-ee78-48dd-997f-3602025bc562,,Oita Prefecture,"Isshakuya R., Oita City, Oita Prefecture, Japan",2011-2018,1582,398,131.875,33.20833333333333
2425379225,"Pomacea canaliculata (Lamarck, 1822)",32.8368,131.9422,,2017-07-21,2017.0,HUMAN_OBSERVATION,45ff6ac5-ee78-48dd-997f-3602025bc562,,Oita Prefecture,"Kusumoto R., Saiki City, Oita Prefecture, Japan",2011-2018,1583,394,131.95833333333331,32.875
2425380697,"Pomacea canaliculata (Lamarck, 1822)",33.0133,131.9045,,2017-07-21,2017.0,HUMAN_OBSERVATION,45ff6ac5-ee78-48dd-997f-3602025bc562,,Oita Prefecture,"Kariu R., Saiki City, Oita Prefecture, Japan",2011-2018,1582,396,131.875,33.041666666666664
2425382478,"Pomacea canaliculata (Lamarck, 1822)",32.7621,129.9989,,2017-07-14,2017.0,HUMAN_OBSERVATION,45ff6ac5-ee78-48dd-997f-3602025bc562,,Nagasaki Prefecture,"Tayui R., Isahaya City, Nagasaki Prefecture, Japan",2011-2018,1559,393,129.95833333333331,32.791666666666664
2248755634,"Pomacea canaliculata (Lamarck, 1822)",36.767387,137.46935,,2017-08-30,2017.0,MATERIAL_SAMPLE,040c5662-da76-4782-a48e-cdea1892d14c,,,,2011-2018,1649,441,137.45833333333331,36.791666666666664
2425378333,"Pomacea canaliculata (Lamarck, 1822)",33.8959,130.9174,,2017-09-10,2017.0,HUMAN_OBSERVATION,45ff6ac5-ee78-48dd-997f-3602025bc562,,Fukuoka Prefecture,"Muranaka R., Kitakyushu City, Fukuoka Prefecture, Japan",2011-2018,1571,406,130.95833333333331,33.875
2425378631,"Pomacea canaliculata (Lamarck, 1822)",33.8921,130.9046,,2017-09-10,2017.0,HUMAN_OBSERVATION,45ff6ac5-ee78-48dd-997f-3602025bc562,,Fukuoka Prefecture,"Enmeiji R., Kitakyushu City, Fukuoka Prefecture, Japan",2011-2018,1570,406,130.875,33.875
2425379383,"Pomacea canaliculata (Lamarck, 1822)",31.5817,130.7831,,2017-11-08,2017.0,HUMAN_OBSERVATION,45ff6ac5-ee78-48dd-997f-3602025bc562,,Kagoshima Prefecture,"Matsusaki R., Tarumizu City, Kagoshima Prefecture, Japan",2011-2018,1569,378,130.79166666666666,31.541666666666664
2425379407,"Pomacea canaliculata (Lamarck, 1822)",31.5576,130.7291,,2017-11-08,2017.0,HUMAN_OBSERVATION,45ff6ac5-ee78-48dd-997f-3602025bc562,,Kagoshima Prefecture,"Heta R., Tarumizu City, Kagoshima Prefecture, Japan",2011-2018,1568,378,130.70833333333331,31.541666666666664
2425379627,"Pomacea canaliculata (Lamarck, 1822)",31.4427,130.7375,,2017-11-07,2017.0,HUMAN_OBSERVATION,45ff6ac5-ee78-48dd-997f-3602025bc562,,Kagoshima Prefecture,"Kotani R., Tarumizu City, Kagoshima Prefecture, Japan",2011-2018,1568,377,130.70833333333331,31.458333333333332
2425380101,"Pomacea canaliculata (Lamarck, 1822)",31.4298,130.7516,,2017-11-07,2017.0,HUMAN_OBSERVATION,45ff6ac5-ee78-48dd-997f-3602025bc562,,Kagoshima Prefecture,"Makata R., Tarumizu City, Kagoshima Prefecture, Japan",2011-2018,1569,377,130.79166666666666,31.458333333333332
2425380430,"Pomacea canaliculata (Lamarck, 1822)",31.6781,130.8139,,2017-11-08,2017.0,HUMAN_OBSERVATION,45ff6ac5-ee78-48dd-997f-3602025bc562,,Kagoshima Prefecture,"Minato R., Tarumizu City, Kagoshima Prefecture, Japan",2011-2018,1569,380,130.79166666666666,31.708333333333332
2425381409,"Pomacea canaliculata (Lamarck, 1822)",32.8232,130.3549,,2017-11-16,2017.0,HUMAN_OBSERVATION,45ff6ac5-ee78-48dd-997f-3602025bc562,,Nagasaki Prefecture,"Nishi R., Shimabara City, Nagasaki Prefecture, Japan",2011-2018,1564,393,130.375,32.791666666666664
2425382152,"Pomacea canaliculata (Lamarck, 1822)",32.6205,130.2336,,2017-11-16,2017.0,HUMAN_OBSERVATION,45ff6ac5-ee78-48dd-997f-3602025bc562,,Nagasaki Prefecture,"Nakatani R., Minamishimabara City, Nagasaki Prefecture, Japan",2011-2018,1562,391,130.20833333333331,32.625
2425382592,"Pomacea canaliculata (Lamarck, 1822)",32.6467,130.1293,,2017-11-17,2017.0,HUMAN_OBSERVATION,45ff6ac5-ee78-48dd-997f-3602025bc562,,Nagasaki Prefecture,"Tsubami R., Minamishimabara City, Nagasaki Prefecture, Japan",2011-2018,1561,391,130.125,32.625
2425378691,"Pomacea canaliculata (Lamarck, 1822)",33.5807,131.2984,,2016-03-28,2016.0,HUMAN_OBSERVATION,45ff6ac5-ee78-48dd-997f-3602025bc562,,Oita Prefecture,"Iroha R., Usa City, Oita Prefecture, Japan",2011-2018,1575,402,131.29166666666666,33.541666666666664
2425378701,"Pomacea canaliculata (Lamarck, 1822)",33.3726,131.617,,2016-03-29,2016.0,HUMAN_OBSERVATION,45ff6ac5-ee78-48dd-997f-3602025bc562,,Oita Prefecture,"Toshida R., Kitsuki City, Oita Prefecture, Japan",2011-2018,1579,400,131.625,33.375
1291088718,"Pomacea canaliculata (Lamarck, 1822)",35.139993,138.769788,,2016-06-26T17:36:22,2016.0,HUMAN_OBSERVATION,50c9509d-22c7-4a22-a47d-8c48425ef4a7,iNaturalist research-grade observations,Shizuoka,,2011-2018,1665,421,138.79166666666666,35.125
2425378641,"Pomacea canaliculata (Lamarck, 1822)",33.5315,131.737,,2016-07-02,2016.0,HUMAN_OBSERVATION,45ff6ac5-ee78-48dd-997f-3602025bc562,,Oita Prefecture,"Jiroumaru R., Kunisaki City, Oita Prefecture, Japan",2011-2018,1580,402,131.70833333333331,33.541666666666664
2425378763,"Pomacea canaliculata (Lamarck, 1822)",33.6722,131.5285,,2016-07-02,2016.0,HUMAN_OBSERVATION,45ff6ac5-ee78-48dd-997f-3602025bc562,,Oita Prefecture,"Mime R., Bungotakada City, Oita Prefecture, Japan",2011-2018,1578,404,131.54166666666666,33.70833333333333
2425381007,"Pomacea canaliculata (Lamarck, 1822)",32.8874,130.5131,,2016-07-22,2016.0,HUMAN_OBSERVATION,45ff6ac5-ee78-48dd-997f-3602025bc562,,Kumamoto Prefecture,"Sakai R., Tamana City, Kumamoto Prefecture, Japan",2011-2018,1566,394,130.54166666666666,32.875
2425381364,"Pomacea canaliculata (Lamarck, 1822)",32.9894,129.6534,,2016-07-01,2016.0,HUMAN_OBSERVATION,45ff6ac5-ee78-48dd-997f-3602025bc562,,Nagasaki Prefecture,"Yunoki R., Saikai City, Nagasaki Prefecture, Japan",2011-2018,1555,395,129.625,32.95833333333333
2425382804,"Pomacea canaliculata (Lamarck, 1822)",33.5276,129.9493,,2016-07-15,2016.0,HUMAN_OBSERVATION,45ff6ac5-ee78-48dd-997f-3602025bc562,,Saga Prefecture,"Hashimoto R., Karatsu City, Saga Prefecture, Japan",2011-2018,1559,402,129.95833333333331,33.541666666666664
2425379151,"Pomacea canaliculata (Lamarck, 1822)",31.7419,131.471,,2016-08-18,2016.0,HUMAN_OBSERVATION,45ff6ac5-ee78-48dd-997f-3602025bc562,,Miyazaki Prefecture,"Nojima R., Miyazaki City, Miyazaki Prefecture, Japan",2011-2018,1577,380,131.45833333333331,31.708333333333332
2425379400,"Pomacea canaliculata (Lamarck, 1822)",32.7521,131.8713,,2016-08-17,2016.0,HUMAN_OBSERVATION,45ff6ac5-ee78-48dd-997f-3602025bc562,,Oita Prefecture,"Hatoudu R., Saiki City, Oita Prefecture, Japan",2011-2018,1582,393,131.875,32.791666666666664
2425380841,"Pomacea canaliculata (Lamarck, 1822)",32.9054,130.4766,,2016-08-02,2016.0,HUMAN_OBSERVATION,45ff6ac5-ee78-48dd-997f-3602025bc562,,Kumamoto Prefecture,"Ikusue R., Tamana City, Kumamoto Prefecture, Japan",2011-2018,1565,394,130.45833333333331,32.875
2425383057,"Pomacea canaliculata (Lamarck, 1822)",33.2375,129.4361,,2016-08-31,2016.0,HUMAN_OBSERVATION,45ff6ac5-ee78-48dd-997f-3602025bc562,,Nagasaki Prefecture,"Nakatsura R., Hirado City, Nagasaki Prefecture, Japan",2011-2018,1553,398,129.45833333333331,33.20833333333333
2425382384,"Pomacea canaliculata (Lamarck, 1822)",33.2888,129.478,,2016-09-14,2016.0,HUMAN_OBSERVATION,45ff6ac5-ee78-48dd-997f-3602025bc562,,Nagasaki Prefecture,"Yasuman R., Hirado City, Nagasaki Prefecture, Japan",2011-2018,1553,399,129.45833333333331,33.291666666666664
2425382877,"Pomacea canaliculata (Lamarck, 1822)",33.5236,130.1408,,2016-09-15,2016.0,HUMAN_OBSERVATION,45ff6ac5-ee78-48dd-997f-3602025bc562,,Fukuoka Prefecture,"Masuerakan R., Itoshima City, Fukuoka Prefecture, Japan",2011-2018,1561,402,130.125,33.541666666666664
2425378576,"Pomacea canaliculata (Lamarck, 1822)",33.8779,130.6012,,2016-10-13,2016.0,HUMAN_OBSERVATION,45ff6ac5-ee78-48dd-997f-3602025bc562,,Fukuoka Prefecture,"Shioiri R., Okagaki Town, Fukuoka Prefecture, Japan",2011-2018,1567,406,130.625,33.875
2425380198,"Pomacea canaliculata (Lamarck, 1822)",32.6259,130.5897,,2016-12-10,2016.0,HUMAN_OBSERVATION,45ff6ac5-ee78-48dd-997f-3602025bc562,,Kumamoto Prefecture,"Omi R., Uki City, Kumamoto Prefecture, Japan",2011-2018,1567,391,130.625,32.625
2425383177,"Pomacea canaliculata (Lamarck, 1822)",33.4468,129.8524,,2015-04-27,2015.0,HUMAN_OBSERVATION,45ff6ac5-ee78-48dd-997f-3602025bc562,,Saga Prefecture,"Sozoro R., Karatsu City, Saga Prefecture, Japan",2011-2018,1558,401,129.875,33.45833333333333
2425383256,"Pomacea canaliculata (Lamarck, 1822)",33.3259,129.8471,,2015-04-28,2015.0,HUMAN_OBSERVATION,45ff6ac5-ee78-48dd-997f-3602025bc562,,Saga Prefecture,"Hai R., Imari City, Saga Prefecture, Japan",2011-2018,1558,399,129.875,33.291666666666664
2425377602,"Pomacea canaliculata (Lamarck, 1822)",33.5873,130.3117,,2015-05-16,2015.0,HUMAN_OBSERVATION,45ff6ac5-ee78-48dd-997f-3602025bc562,,Fukuoka Prefecture,"Jyurou R., Fukuoka City, Fukuoka Prefecture, Japan",2011-2018,1563,403,130.29166666666666,33.625
2425377693,"Pomacea canaliculata (Lamarck, 1822)",33.6144,130.1618,,2015-05-20,2015.0,HUMAN_OBSERVATION,45ff6ac5-ee78-48dd-997f-3602025bc562,,Fukuoka Prefecture,"Sakurai R., Itoshima City, Fukuoka Prefecture, Japan",2011-2018,1561,403,130.125,33.625
2425383066,"Pomacea canaliculata (Lamarck, 1822)",33.3645,129.6446,,2015-05-17,2015.0,HUMAN_OBSERVATION,45ff6ac5-ee78-48dd-997f-3602025bc562,,Nagasaki Prefecture,"Kashii R., Matsuura City, Nagasaki Prefecture, Japan",2011-2018,1555,400,129.625,33.375
2425382957,"Pomacea canaliculata (Lamarck, 1822)",33.3539,129.7669,,2015-06-29,2015.0,HUMAN_OBSERVATION,45ff6ac5-ee78-48dd-997f-3602025bc562,,Nagasaki Prefecture,"Imahuku R., Matsuura City, Nagasaki Prefecture, Japan",2011-2018,1557,400,129.79166666666666,33.375
1132409233,"Pomacea canaliculata (Lamarck, 1822)",34.492177,134.856292,,2015-07-19T15:03:45,2015.0,HUMAN_OBSERVATION,50c9509d-22c7-4a22-a47d-8c48425ef4a7,iNaturalist research-grade observations,Hyōgo,,2011-2018,1618,413,134.875,34.45833333333333
2425377841,"Pomacea canaliculata (Lamarck, 1822)",33.762,130.47,,2015-08-30,2015.0,HUMAN_OBSERVATION,45ff6ac5-ee78-48dd-997f-3602025bc562,,Fukuoka Prefecture,"Saigou R., Fukutsu City, Fukuoka Prefecture, Japan",2011-2018,1565,405,130.45833333333331,33.791666666666664
2425378635,"Pomacea canaliculata (Lamarck, 1822)",33.634,131.0878,,2015-08-28,2015.0,HUMAN_OBSERVATION,45ff6ac5-ee78-48dd-997f-3602025bc562,,Fukuoka Prefecture,"Kakuta R., Buzen City, Fukuoka Prefecture, Japan",2011-2018,1573,403,131.125,33.625
2425381763,"Pomacea canaliculata (Lamarck, 1822)",33.0712,130.1477,,2015-10-02,2015.0,HUMAN_OBSERVATION,45ff6ac5-ee78-48dd-997f-3602025bc562,,Saga Prefecture,"Kuroki R., Kashima City, Saga Prefecture, Japan",2011-2018,1561,396,130.125,33.041666666666664
2425382610,"Pomacea canaliculata (Lamarck, 1822)",33.0174,129.6494,,2015-10-11,2015.0,HUMAN_OBSERVATION,45ff6ac5-ee78-48dd-997f-3602025bc562,,Nagasaki Prefecture,"Ekawauchi R., Saikai City, Nagasaki Prefecture, Japan",2011-2018,1555,396,129.625,33.041666666666664
2425377742,"Pomacea canaliculata (Lamarck, 1822)",33.6144,130.2349,,2015-11-25,2015.0,HUMAN_OBSERVATION,45ff6ac5-ee78-48dd-997f-3602025bc562,,Fukuoka Prefecture,"Obaru. R., Fukuoka City, Fukuoka Prefecture, Japan",2011-2018,1562,403,130.20833333333331,33.625
2425378323,"Pomacea canaliculata (Lamarck, 1822)",33.8096,130.9662,,2015-11-10,2015.0,HUMAN_OBSERVATION,45ff6ac5-ee78-48dd-997f-3602025bc562,,Fukuoka Prefecture,"Kusami R., Kitakyushu City, Fukuoka Prefecture, Japan",2011-2018,1571,405,130.95833333333331,33.791666666666664
2425382262,"Pomacea canaliculata (Lamarck, 1822)",32.8352,129.7126,,2015-12-12,2015.0,HUMAN_OBSERVATION,45ff6ac5-ee78-48dd-997f-3602025bc562,,Nagasaki Prefecture,"Kurosaki R., Nagasaki City, Nagasaki Prefecture, Japan",2011-2018,1556,394,129.70833333333331,32.875
5060456706,"Pomacea canaliculata (Lamarck, 1822)",34.73637,137.40631,,2011-01-19,2011.0,PRESERVED_SPECIMEN,810e15d2-f762-11e1-a439-00145eb45e9a,,Aichi,"Pond Shimizu, Ejima-cho",2011-2018,1648,416,137.375,34.70833333333333
1829670756,"Pomacea canaliculata (Lamarck, 1822)",27.386389,128.613056,,1997-05-30,1997.0,PRESERVED_SPECIMEN,95f883c4-f762-11e1-a439-00145eb45e9a,,Kagoshima,"Tomb of Yononushinohaka, Uchijiro, Okinoerabu-jima Island, Uchijiro",-2010,1543,328,128.625,27.375
1829670736,"Pomacea canaliculata (Lamarck, 1822)",24.458611,123.000556,,1996-05-30,1996.0,PRESERVED_SPECIMEN,95f883c4-f762-11e1-a439-00145eb45e9a,,Okinawa,"The head of Taburuga Riv., Sonai",-2010,1476,293,123.04166666666666,24.458333333333332
729652256,"Pomacea canaliculata (Lamarck, 1822)",33.745399,131.015,,1996-06-29,1996.0,PRESERVED_SPECIMEN,7201065d-95ac-4706-bb2b-9fd04209fc8d,,Fukuoka,,-2010,1572,404,131.04166666666666,33.70833333333333
1829668059,"Pomacea canaliculata (Lamarck, 1822)",36.379444,139.015833,,1995-03-06,1995.0,PRESERVED_SPECIMEN,95f883c4-f762-11e1-a439-00145eb45e9a,,Gunma,Sugayamachi,-2010,1668,436,139.04166666666666,36.375
1829670757,"Pomacea canaliculata (Lamarck, 1822)",35.005,134.359722,,1992-11-01/1992-11-30,1992.0,PRESERVED_SPECIMEN,95f883c4-f762-11e1-a439-00145eb45e9a,,Hyogo,,-2010,1612,420,134.375,35.041666666666664
5060400624,"Pomacea canaliculata (Lamarck, 1822)",35.3754,136.80211,,1989-01-02,1989.0,PRESERVED_SPECIMEN,869e4288-f762-11e1-a439-00145eb45e9a,,Gifu,,-2010,1641,424,136.79166666666666,35.375
1830577446,"Pomacea canaliculata (Lamarck, 1822)",34.123809,135.181185,,1985-11-01/1985-11-30,1985.0,PRESERVED_SPECIMEN,e9ef15ac-1078-44c1-bc86-f1ecc4115a68,,Wakayama,"Hiraike Pond, Kishigawacho-Kodo",-2010,1622,409,135.20833333333331,34.125
1829667959,"Pomacea canaliculata (Lamarck, 1822)",36.513611,139.024167,,1985-12-15,1985.0,PRESERVED_SPECIMEN,95f883c4-f762-11e1-a439-00145eb45e9a,,Gunma,Akagimachitaru,-2010,1668,438,139.04166666666666,36.541666666666664
5060394468,"Pomacea canaliculata (Lamarck, 1822)",34.73769,135.34183,,1984-02-01/1984-02-29,1984.0,PRESERVED_SPECIMEN,869e4288-f762-11e1-a439-00145eb45e9a,,Hyogo,,-2010,1624,416,135.375,34.70833333333333
1830577069,"Pomacea canaliculata (Lamarck, 1822)",33.47013,135.78003,,1983-03-07,1983.0,PRESERVED_SPECIMEN,e9ef15ac-1078-44c1-bc86-f1ecc4115a68,,Wakayama,Kushimoto,-2010,1629,401,135.79166666666666,33.45833333333333
5060394796,"Pomacea canaliculata (Lamarck, 1822)",32.69319,130.65546,,1982-10-01/1982-10-31,1982.0,PRESERVED_SPECIMEN,869e4288-f762-11e1-a439-00145eb45e9a,,Kumamoto,,-2010,1567,392,130.625,32.70833333333333
4920289320,"Pomacea canaliculata (Lamarck, 1822)",35.36172,136.7196,,,,HUMAN_OBSERVATION,26820b90-367e-4029-b70c-db601c591128,,Gifu,Gifu,Unknown,1640,424,136.70833333333331,35.375
4920289327,"Pomacea canaliculata (Lamarck, 1822)",36.007537,140.58343,,,,MATERIAL_CITATION,26820b90-367e-4029-b70c-db601c591128,,Ibaraki,Kitaura,Unknown,1687,432,140.625,36.041666666666664
4920289374,"Pomacea canaliculata (Lamarck, 1822)",34.5956,135.76194,,,,HUMAN_OBSERVATION,26820b90-367e-4029-b70c-db601c591128,,Nara,Ando,Unknown,1629,415,135.79166666666666,34.625
4920289393,"Pomacea canaliculata (Lamarck, 1822)",34.16818,134.460672,,,,MATERIAL_CITATION,26820b90-367e-4029-b70c-db601c591128,,Tokushima,Kanto,Unknown,1613,410,134.45833333333331,34.20833333333333
4920289421,"Pomacea canaliculata (Lamarck, 1822)",33.89828,135.17665,,,,HUMAN_OBSERVATION,26820b90-367e-4029-b70c-db601c591128,,Wakayama,Gobo,Unknown,1622,406,135.20833333333331,33.875
4920289458,"Pomacea canaliculata (Lamarck, 1822)",34.99793,134.98496,,,,HUMAN_OBSERVATION,26820b90-367e-4029-b70c-db601c591128,,Hyogo,Ono,Unknown,1619,419,134.95833333333331,34.95833333333333
4920289497,"Pomacea canaliculata (Lamarck, 1822)",34.70132,137.857397,,,,MATERIAL_CITATION,26820b90-367e-4029-b70c-db601c591128,,Shizuoka,Iwata,Unknown,1654,416,137.875,34.70833333333333
4920289500,"Pomacea canaliculata (Lamarck, 1822)",35.29241,136.68942,,,,HUMAN_OBSERVATION,26820b90-367e-4029-b70c-db601c591128,,Gifu,Hashima,Unknown,1640,423,136.70833333333331,35.291666666666664
4920289509,"Pomacea canaliculata (Lamarck, 1822)",34.6748,135.79618,,,,HUMAN_OBSERVATION,26820b90-367e-4029-b70c-db601c591128,,Nara,Kashiwagi,Unknown,1629,416,135.79166666666666,34.70833333333333
4920289522,"Pomacea canaliculata (Lamarck, 1822)",33.759793,133.622783,,,,MATERIAL_CITATION,26820b90-367e-4029-b70c-db601c591128,,Kochi,Kinozu,Unknown,1603,405,133.625,33.791666666666664
4920289535,"Pomacea canaliculata (Lamarck, 1822)",36.078629,138.080354,,,,MATERIAL_CITATION,26820b90-367e-4029-b70c-db601c591128,,Nagano,Shimosuwa,Unknown,1656,432,138.04166666666666,36.041666666666664
4920289544,"Pomacea canaliculata (Lamarck, 1822)",33.77365,135.3106,,,,HUMAN_OBSERVATION,26820b90-367e-4029-b70c-db601c591128,,Wakayama,Minabe,Unknown,1623,405,135.29166666666666,33.791666666666664
4920289548,"Pomacea canaliculata (Lamarck, 1822)",35.487291,133.890981,,,,MATERIAL_CITATION,26820b90-367e-4029-b70c-db601c591128,,Tottori,Yurihama,Unknown,1606,425,133.875,35.45833333333333
4920289613,"Pomacea canaliculata (Lamarck, 1822)",24.356875,123.80273,,,,MATERIAL_CITATION,26820b90-367e-4029-b70c-db601c591128,,Okinawa,Iriomote Isle,Unknown,1485,292,123.79166666666666,24.375
4920289621,"Pomacea canaliculata (Lamarck, 1822)",34.68235,133.933588,,,,MATERIAL_CITATION,26820b90-367e-4029-b70c-db601c591128,,Okayama,Okayama,Unknown,1607,416,133.95833333333331,34.70833333333333
4920289683,"Pomacea canaliculata (Lamarck, 1822)",32.649228,130.965035,,,,MATERIAL_CITATION,26820b90-367e-4029-b70c-db601c591128,,Kumamoto,Aradani,Unknown,1571,391,130.95833333333331,32.625
4920289693,"Pomacea canaliculata (Lamarck, 1822)",36.101944,140.373056,,,,MATERIAL_CITATION,26820b90-367e-4029-b70c-db601c591128,,Ibaraki,Kasumigaura Lake,Unknown,1684,433,140.375,36.125
4920289781,"Pomacea canaliculata (Lamarck, 1822)",35.47969,133.8025,,,,HUMAN_OBSERVATION,26820b90-367e-4029-b70c-db601c591128,,Tottori,Shimotuwa,Unknown,1605,425,133.79166666666666,35.45833333333333
4920289800,"Pomacea canaliculata (Lamarck, 1822)",34.30036,134.75185,,,,HUMAN_OBSERVATION,26820b90-367e-4029-b70c-db601c591128,,Hyogo,Ichitokunaga,Unknown,1617,411,134.79166666666666,34.291666666666664
4920289861,"Pomacea canaliculata (Lamarck, 1822)",32.979483,130.813333,,,,MATERIAL_CITATION,26820b90-367e-4029-b70c-db601c591128,,Kumamoto,Kikuchi,Unknown,1569,395,130.79166666666666,32.95833333333333
4920289870,"Pomacea canaliculata (Lamarck, 1822)",34.767,134.91493,,,,HUMAN_OBSERVATION,26820b90-367e-4029-b70c-db601c591128,,Hyogo,Kako,Unknown,1618,417,134.875,34.791666666666664
4920289872,"Pomacea canaliculata (Lamarck, 1822)",26.616204,127.981223,,,,MATERIAL_CITATION,26820b90-367e-4029-b70c-db601c591128,,Okinawa,Nago,Unknown,1535,319,127.95833333333333,26.625
4920289922,"Pomacea canaliculata (Lamarck, 1822)",24.420672,124.203786,,,,MATERIAL_CITATION,26820b90-367e-4029-b70c-db601c591128,,Okinawa,Ishigaki Isle,Unknown,1490,293,124.20833333333333,24.458333333333332
4920289933,"Pomacea canaliculata (Lamarck, 1822)",33.038486,130.850484,,,,MATERIAL_CITATION,26820b90-367e-4029-b70c-db601c591128,,Kumamoto,Kikuchi,Unknown,1570,396,130.875,33.041666666666664
4920289936,"Pomacea canaliculata (Lamarck, 1822)",34.482922,133.346721,,,,MATERIAL_CITATION,26820b90-367e-4029-b70c-db601c591128,,Hiroshima,Fukuyama,Unknown,1600,413,133.375,34.45833333333333
4920289994,"Pomacea canaliculata (Lamarck, 1822)",33.328917,130.417848,,,,MATERIAL_CITATION,26820b90-367e-4029-b70c-db601c591128,,Saga,Kamimine,Unknown,1565,399,130.45833333333331,33.291666666666664
