gbifID,scientificName,decimalLatitude,decimalLongitude,coordinateUncertaintyInMeters,eventDate,year,basisOfRecord,datasetKey,datasetName,stateProvince,locality,period,cell_x,cell_y,cell_lon,cell_lat,bio1,bio1_filled,bio1_src_lon,bio1_src_lat,bio6,bio6_filled,bio6_src_lon,bio6_src_lat,bio12,bio12_filled,bio12_src_lon,bio12_src_lat
6162908977,"Pomacea canaliculata (Lamarck, 1822)",35.337545,136.634053,10.0,2026-02-22T16:57:53,2026.0,HUMAN_OBSERVATION,50c9509d-22c7-4a22-a47d-8c48425ef4a7,iNaturalist research-grade observations,Gifu,,2019-2026,16396,4240,136.6375,35.3375,15.1875,False,,,0.10000000149011612,False,,,1879.0,False,,
6178432587,"Pomacea canaliculata (Lamarck, 1822)",34.982019,135.907796,9.0,2026-03-06T14:33:47,2026.0,HUMAN_OBSERVATION,50c9509d-22c7-4a22-a47d-8c48425ef4a7,iNaturalist research-grade observations,Shiga,,2019-2026,16308,4197,135.90416666666667,34.979166666666664,15.029167175292969,False,,,0.30000001192092896,False,,,1592.0,False,,
6195401254,"Pomacea canaliculata (Lamarck, 1822)",33.987383,131.354295,7.0,2026-04-08T16:50:30,2026.0,HUMAN_OBSERVATION,50c9509d-22c7-4a22-a47d-8c48425ef4a7,iNaturalist research-grade observations,Yamaguchi,,2019-2026,15762,4078,131.35416666666666,33.9875,15.741666793823242,False,,,2.0,False,,,1719.0,False,,
6235922460,"Pomacea canaliculata (Lamarck, 1822)",26.455975,127.857292,15.0,2026-04-19T17:46:27,2026.0,HUMAN_OBSERVATION,50c9509d-22c7-4a22-a47d-8c48425ef4a7,iNaturalist research-grade observations,Okinawa,,2019-2026,15342,3174,127.85416666666669,26.454166666666666,22.725000381469727,False,,,14.399999618530273,False,,,2058.0,False,,
6353158424,"Pomacea canaliculata (Lamarck, 1822)",35.426356,139.341376,89.0,2026-05-31T14:56:56,2026.0,HUMAN_OBSERVATION,50c9509d-22c7-4a22-a47d-8c48425ef4a7,iNaturalist research-grade observations,Kanagawa,,2019-2026,16720,4251,139.3375,35.42916666666667,15.449999809265137,False,,,0.10000000149011612,False,,,1654.0,False,,
6399516765,"Pomacea canaliculata (Lamarck, 1822)",35.006978,135.880722,20.0,2026-06-12T21:50:54,2026.0,HUMAN_OBSERVATION,50c9509d-22c7-4a22-a47d-8c48425ef4a7,iNaturalist research-grade observations,Shiga,,2019-2026,16305,4200,135.87916666666666,35.00416666666666,14.866666793823242,False,,,0.6000000238418579,False,,,1587.0,False,,
6413793949,"Pomacea canaliculata (Lamarck, 1822)",35.343721,136.639524,5.0,2026-06-16T18:11:01,2026.0,HUMAN_OBSERVATION,50c9509d-22c7-4a22-a47d-8c48425ef4a7,iNaturalist research-grade observations,Gifu,,2019-2026,16396,4241,136.6375,35.34583333333333,15.212499618530273,False,,,0.10000000149011612,False,,,1899.0,False,,
6422193944,"Pomacea canaliculata (Lamarck, 1822)",35.370773,136.593817,15.0,2026-06-23T17:09,2026.0,HUMAN_OBSERVATION,50c9509d-22c7-4a22-a47d-8c48425ef4a7,iNaturalist research-grade observations,Gifu,,2019-2026,16391,4244,136.59583333333333,35.37083333333333,15.22499942779541,False,,,0.10000000149011612,False,,,1917.0,False,,
6423055346,"Pomacea canaliculata (Lamarck, 1822)",35.366033,136.593718,12.0,2026-06-23T15:36:27,2026.0,HUMAN_OBSERVATION,50c9509d-22c7-4a22-a47d-8c48425ef4a7,iNaturalist research-grade observations,Gifu,,2019-2026,16391,4243,136.59583333333333,35.3625,15.204166412353516,False,,,0.20000000298023224,False,,,1910.0,False,,
6423069875,"Pomacea canaliculata (Lamarck, 1822)",35.348172,140.383178,4.0,2026-06-14T14:12:33,2026.0,HUMAN_OBSERVATION,50c9509d-22c7-4a22-a47d-8c48425ef4a7,iNaturalist research-grade observations,Chiba,,2019-2026,16845,4241,140.37916666666666,35.34583333333333,15.366666793823242,False,,,1.2999999523162842,False,,,1637.0,False,,
6431529055,"Pomacea canaliculata (Lamarck, 1822)",35.011317,135.604656,27.0,2026-07-06T13:38:27,2026.0,HUMAN_OBSERVATION,50c9509d-22c7-4a22-a47d-8c48425ef4a7,iNaturalist research-grade observations,Kyoto,,2019-2026,16272,4201,135.60416666666666,35.0125,14.875,False,,,0.10000000149011612,False,,,1540.0,False,,
6431878572,"Pomacea canaliculata (Lamarck, 1822)",34.718663,135.695918,19.0,2026-07-04T11:06:53,2026.0,HUMAN_OBSERVATION,50c9509d-22c7-4a22-a47d-8c48425ef4a7,iNaturalist research-grade observations,Osaka,,2019-2026,16283,4166,135.69583333333333,34.72083333333333,14.908333778381348,False,,,-0.10000000149011612,False,,,1453.0,False,,
6441283005,"Pomacea canaliculata (Lamarck, 1822)",35.133861,135.990688,701.0,2026-07-11T10:02,2026.0,HUMAN_OBSERVATION,50c9509d-22c7-4a22-a47d-8c48425ef4a7,iNaturalist research-grade observations,Shiga,,2019-2026,16318,4216,135.9875,35.1375,14.683333396911621,False,,,0.800000011920929,False,,,1613.0,False,,
6441756673,"Pomacea canaliculata (Lamarck, 1822)",33.844495,132.723463,4.0,2026-07-10T14:26:37,2026.0,HUMAN_OBSERVATION,50c9509d-22c7-4a22-a47d-8c48425ef4a7,iNaturalist research-grade observations,Ehime,,2019-2026,15926,4061,132.72083333333333,33.84583333333333,16.295833587646484,False,,,2.299999952316284,False,,,1581.0,False,,
6452183816,"Pomacea canaliculata (Lamarck, 1822)",34.983966,136.618548,104.0,2026-07-14T12:47,2026.0,HUMAN_OBSERVATION,50c9509d-22c7-4a22-a47d-8c48425ef4a7,iNaturalist research-grade observations,Mie,,2019-2026,16394,4198,136.62083333333334,34.9875,15.449999809265137,False,,,0.6000000238418579,False,,,1783.0,False,,
6469978621,"Pomacea canaliculata (Lamarck, 1822)",34.77602,135.486225,1.0,2026-07-23T16:44,2026.0,HUMAN_OBSERVATION,50c9509d-22c7-4a22-a47d-8c48425ef4a7,iNaturalist research-grade observations,Osaka,,2019-2026,16258,4173,135.4875,34.77916666666667,16.254165649414062,False,,,1.100000023841858,False,,,1367.0,False,,
6480295325,"Pomacea canaliculata (Lamarck, 1822)",33.706096,130.960667,7.0,2026-07-31T15:54:28,2026.0,HUMAN_OBSERVATION,50c9509d-22c7-4a22-a47d-8c48425ef4a7,iNaturalist research-grade observations,Fukuoka,,2019-2026,15715,4044,130.9625,33.704166666666666,15.554166793823242,False,,,1.100000023841858,False,,,1677.0,False,,
6499852866,"Pomacea canaliculata (Lamarck, 1822)",33.197046,130.298091,,2026-07-08T11:05:09,2026.0,HUMAN_OBSERVATION,50c9509d-22c7-4a22-a47d-8c48425ef4a7,iNaturalist research-grade observations,Saga,,2019-2026,15635,3983,130.29583333333332,33.19583333333333,16.495834350585938,False,,,1.5,False,,,1771.0,False,,
6479721681,"Pomacea canaliculata (Lamarck, 1822)",34.12112,134.345245,13.0,2026-08-02T12:08:22,2026.0,HUMAN_OBSERVATION,50c9509d-22c7-4a22-a47d-8c48425ef4a7,iNaturalist research-grade observations,Tokushima,,2019-2026,16121,4094,134.34583333333333,34.12083333333333,15.591666221618652,False,,,0.699999988079071,False,,,1655.0,False,,
6498530424,"Pomacea canaliculata (Lamarck, 1822)",34.675281,137.417887,931.0,2026-08-13T16:46:54,2026.0,HUMAN_OBSERVATION,50c9509d-22c7-4a22-a47d-8c48425ef4a7,iNaturalist research-grade observations,Aichi,,2019-2026,16490,4161,137.42083333333332,34.67916666666667,15.529166221618652,False,,,1.2000000476837158,False,,,1916.0,False,,
6498775361,"Pomacea canaliculata (Lamarck, 1822)",34.827847,137.678572,2.0,2026-08-16T05:52:08,2026.0,HUMAN_OBSERVATION,50c9509d-22c7-4a22-a47d-8c48425ef4a7,iNaturalist research-grade observations,Shizuoka,,2019-2026,16521,4179,137.67916666666667,34.829166666666666,15.708333015441895,False,,,1.2000000476837158,False,,,1980.0,False,,
6498897508,"Pomacea canaliculata (Lamarck, 1822)",33.29951,130.171257,10.0,2026-08-14T09:00:01,2026.0,HUMAN_OBSERVATION,50c9509d-22c7-4a22-a47d-8c48425ef4a7,iNaturalist research-grade observations,Saga,,2019-2026,15620,3995,130.17083333333332,33.295833333333334,15.800000190734863,False,,,1.7000000476837158,False,,,1805.0,False,,
6519496068,"Pomacea canaliculata (Lamarck, 1822)",35.333731,136.625156,7.0,2026-08-21T16:16:11,2026.0,HUMAN_OBSERVATION,50c9509d-22c7-4a22-a47d-8c48425ef4a7,iNaturalist research-grade observations,Gifu,,2019-2026,16395,4240,136.62916666666666,35.3375,15.195833206176758,False,,,0.20000000298023224,False,,,1887.0,False,,
6520000875,"Pomacea canaliculata (Lamarck, 1822)",35.075881,135.934305,,2026-08-14T16:56:56,2026.0,HUMAN_OBSERVATION,50c9509d-22c7-4a22-a47d-8c48425ef4a7,iNaturalist research-grade observations,Shiga,,2019-2026,16312,4209,135.9375,35.079166666666666,14.637499809265137,False,,,0.20000000298023224,False,,,1592.0,False,,
6520646366,"Pomacea canaliculata (Lamarck, 1822)",35.332778,136.624771,7.0,2026-08-21T16:14:23,2026.0,HUMAN_OBSERVATION,50c9509d-22c7-4a22-a47d-8c48425ef4a7,iNaturalist research-grade observations,Gifu,,2019-2026,16394,4239,136.62083333333334,35.329166666666666,15.158332824707031,False,,,0.20000000298023224,False,,,1878.0,False,,
5134802341,"Pomacea canaliculata (Lamarck, 1822)",35.720791,140.684095,103.0,2025-03-12T13:10:41,2025.0,HUMAN_OBSERVATION,50c9509d-22c7-4a22-a47d-8c48425ef4a7,iNaturalist research-grade observations,Chiba,,2019-2026,16882,4286,140.6875,35.72083333333333,14.929166793823242,False,,,-0.6000000238418579,False,,,1484.0,False,,
5293118891,"Pomacea canaliculata (Lamarck, 1822)",33.525354,133.370556,244.0,2025-05-26T14:02,2025.0,HUMAN_OBSERVATION,50c9509d-22c7-4a22-a47d-8c48425ef4a7,iNaturalist research-grade observations,Kochi,,2019-2026,16004,4023,133.37083333333334,33.52916666666667,16.262500762939453,False,,,1.0,False,,,2084.0,False,,
5935585402,"Pomacea canaliculata (Lamarck, 1822)",34.805163,137.65188,184.0,2025-05-16T11:19:20,2025.0,HUMAN_OBSERVATION,50c9509d-22c7-4a22-a47d-8c48425ef4a7,iNaturalist research-grade observations,Shizuoka,,2019-2026,16518,4176,137.65416666666667,34.80416666666667,15.695833206176758,False,,,1.2999999523162842,False,,,1953.0,False,,
5205961419,"Pomacea canaliculata (Lamarck, 1822)",33.592328,130.891937,3.0,2025-06-22T14:23:45,2025.0,HUMAN_OBSERVATION,50c9509d-22c7-4a22-a47d-8c48425ef4a7,iNaturalist research-grade observations,Fukuoka,,2019-2026,15707,4031,130.89583333333334,33.59583333333333,14.583333015441895,False,,,0.10000000149011612,False,,,1760.0,False,,
5215776578,"Pomacea canaliculata (Lamarck, 1822)",34.782301,135.550993,47.0,2025-06-28T16:17:36,2025.0,HUMAN_OBSERVATION,50c9509d-22c7-4a22-a47d-8c48425ef4a7,iNaturalist research-grade observations,Osaka,,2019-2026,16266,4173,135.55416666666667,34.77916666666667,16.258333206176758,False,,,1.2000000476837158,False,,,1367.0,False,,
6131522065,"Pomacea canaliculata (Lamarck, 1822)",34.912572,135.769012,8.0,2025-06-22T17:09:17,2025.0,HUMAN_OBSERVATION,50c9509d-22c7-4a22-a47d-8c48425ef4a7,iNaturalist research-grade observations,Kyoto,,2019-2026,16292,4189,135.77083333333334,34.9125,15.787500381469727,False,,,0.699999988079071,False,,,1535.0,False,,
5217545470,"Pomacea canaliculata (Lamarck, 1822)",35.542196,140.348007,,2025-07-03T15:09:05,2025.0,HUMAN_OBSERVATION,50c9509d-22c7-4a22-a47d-8c48425ef4a7,iNaturalist research-grade observations,Chiba,,2019-2026,16841,4265,140.34583333333333,35.545833333333334,15.245833396911621,False,,,0.10000000149011612,False,,,1489.0,False,,
5231176001,"Pomacea canaliculata (Lamarck, 1822)",34.657653,136.512685,,2025-07-20T09:28,2025.0,HUMAN_OBSERVATION,50c9509d-22c7-4a22-a47d-8c48425ef4a7,iNaturalist research-grade observations,Mie,,2019-2026,16381,4158,136.5125,34.65416666666667,15.662500381469727,False,,,0.800000011920929,False,,,1834.0,False,,
5237586434,"Pomacea canaliculata (Lamarck, 1822)",34.751047,135.610214,14.0,2025-07-26T19:09:45,2025.0,HUMAN_OBSERVATION,50c9509d-22c7-4a22-a47d-8c48425ef4a7,iNaturalist research-grade observations,Osaka,,2019-2026,16273,4170,135.6125,34.75416666666666,16.233333587646484,False,,,1.0,False,,,1341.0,False,,
5282602514,"Pomacea canaliculata (Lamarck, 1822)",35.127822,137.009706,3.0,2025-07-30T17:38:35,2025.0,HUMAN_OBSERVATION,50c9509d-22c7-4a22-a47d-8c48425ef4a7,iNaturalist research-grade observations,Aichi,,2019-2026,16441,4215,137.0125,35.12916666666666,15.491666793823242,False,,,0.10000000149011612,False,,,1964.0,False,,
6196054473,"Pomacea canaliculata (Lamarck, 1822)",34.740844,136.529578,53.0,2025-07-19T03:36,2025.0,HUMAN_OBSERVATION,50c9509d-22c7-4a22-a47d-8c48425ef4a7,iNaturalist research-grade observations,Mie,,2019-2026,16383,4168,136.52916666666667,34.7375,15.637499809265137,True,136.52916666666667,34.74583333333334,1.2999999523162842,True,136.52916666666667,34.74583333333334,1784.0,True,136.52916666666667,34.74583333333334
5759506103,"Pomacea canaliculata (Lamarck, 1822)",33.970963,132.776887,5.0,2025-08-23T16:17:53,2025.0,HUMAN_OBSERVATION,50c9509d-22c7-4a22-a47d-8c48425ef4a7,iNaturalist research-grade observations,Ehime,,2019-2026,15933,4076,132.77916666666667,33.97083333333333,15.833333015441895,False,,,1.0,False,,,1557.0,False,,
5759530464,"Pomacea canaliculata (Lamarck, 1822)",35.046658,136.695817,8.0,2025-08-21T19:00:18,2025.0,HUMAN_OBSERVATION,50c9509d-22c7-4a22-a47d-8c48425ef4a7,iNaturalist research-grade observations,Mie,,2019-2026,16403,4205,136.69583333333333,35.045833333333334,15.533332824707031,False,,,0.800000011920929,False,,,1818.0,False,,
6131351725,"Pomacea canaliculata (Lamarck, 1822)",35.314261,139.355011,9.0,2025-08-29T14:59,2025.0,HUMAN_OBSERVATION,50c9509d-22c7-4a22-a47d-8c48425ef4a7,iNaturalist research-grade observations,Kanagawa,,2019-2026,16722,4237,139.35416666666666,35.3125,15.804166793823242,True,139.35416666666666,35.32083333333333,1.2999999523162842,True,139.35416666666666,35.32083333333333,1728.0,True,139.35416666666666,35.32083333333333
5837643002,"Pomacea canaliculata (Lamarck, 1822)",34.93083,135.72162,3.0,2025-09-30T11:07:35,2025.0,HUMAN_OBSERVATION,50c9509d-22c7-4a22-a47d-8c48425ef4a7,iNaturalist research-grade observations,Kyoto,,2019-2026,16286,4191,135.72083333333333,34.92916666666667,15.954166412353516,False,,,0.800000011920929,False,,,1530.0,False,,
4597118576,"Pomacea canaliculata (Lamarck, 1822)",35.547703,139.451431,4.0,2024-03-17T15:00,2024.0,HUMAN_OBSERVATION,50c9509d-22c7-4a22-a47d-8c48425ef4a7,iNaturalist research-grade observations,Tokyo,,2019-2026,16734,4265,139.45416666666665,35.545833333333334,15.120833396911621,False,,,-0.30000001192092896,False,,,1592.0,False,,
4855144935,"Pomacea canaliculata (Lamarck, 1822)",35.36882,139.314441,38.0,2024-05-03T13:15:36,2024.0,HUMAN_OBSERVATION,50c9509d-22c7-4a22-a47d-8c48425ef4a7,iNaturalist research-grade observations,Kanagawa,,2019-2026,16717,4244,139.3125,35.37083333333333,15.725000381469727,False,,,0.5,False,,,1672.0,False,,
4872229857,"Pomacea canaliculata (Lamarck, 1822)",33.550992,133.67758,4.0,2024-05-24T13:52:15,2024.0,HUMAN_OBSERVATION,50c9509d-22c7-4a22-a47d-8c48425ef4a7,iNaturalist research-grade observations,Kochi,,2019-2026,16041,4026,133.67916666666667,33.55416666666667,17.316665649414062,False,,,2.299999952316284,False,,,2064.0,False,,
5154429621,"Pomacea canaliculata (Lamarck, 1822)",34.95385,135.910355,20.0,2024-05-27T14:57:25,2024.0,HUMAN_OBSERVATION,50c9509d-22c7-4a22-a47d-8c48425ef4a7,iNaturalist research-grade observations,Shiga,,2019-2026,16309,4194,135.9125,34.954166666666666,14.925000190734863,False,,,0.0,False,,,1570.0,False,,
4901817282,"Pomacea canaliculata (Lamarck, 1822)",34.73402,135.700378,,2024-06-13T10:32,2024.0,HUMAN_OBSERVATION,50c9509d-22c7-4a22-a47d-8c48425ef4a7,iNaturalist research-grade observations,Osaka,,2019-2026,16284,4168,135.70416666666665,34.7375,14.958333015441895,False,,,-0.10000000149011612,False,,,1445.0,False,,
4901932576,"Pomacea canaliculata (Lamarck, 1822)",35.213496,136.817999,99.0,2024-06-01T16:28,2024.0,HUMAN_OBSERVATION,50c9509d-22c7-4a22-a47d-8c48425ef4a7,iNaturalist research-grade observations,Aichi,,2019-2026,16418,4225,136.82083333333333,35.2125,15.487500190734863,False,,,0.0,False,,,1906.0,False,,
4904161231,"Pomacea canaliculata (Lamarck, 1822)",34.38507,135.300613,4.0,2024-06-27T18:02:17,2024.0,HUMAN_OBSERVATION,50c9509d-22c7-4a22-a47d-8c48425ef4a7,iNaturalist research-grade observations,Osaka,,2019-2026,16236,4126,135.30416666666667,34.3875,16.241666793823242,False,,,1.5,False,,,1357.0,False,,
6163016981,"Pomacea canaliculata (Lamarck, 1822)",34.632438,135.57518,6.0,2024-07-29T01:37:05,2024.0,HUMAN_OBSERVATION,50c9509d-22c7-4a22-a47d-8c48425ef4a7,iNaturalist research-grade observations,Osaka,,2019-2026,16269,4155,135.57916666666665,34.62916666666666,16.575000762939453,False,,,1.2999999523162842,False,,,1403.0,False,,
4926020273,"Pomacea canaliculata (Lamarck, 1822)",35.310009,136.770266,19.0,2024-08-14T13:22:10,2024.0,HUMAN_OBSERVATION,50c9509d-22c7-4a22-a47d-8c48425ef4a7,iNaturalist research-grade observations,Aichi,,2019-2026,16412,4237,136.77083333333334,35.3125,15.274999618530273,False,,,-0.20000000298023224,False,,,1935.0,False,,
4949993185,"Pomacea canaliculata (Lamarck, 1822)",35.007536,135.874392,,2024-09-24T13:39:31,2024.0,HUMAN_OBSERVATION,50c9509d-22c7-4a22-a47d-8c48425ef4a7,iNaturalist research-grade observations,Shiga,,2019-2026,16304,4200,135.87083333333334,35.00416666666666,14.824999809265137,False,,,0.5,False,,,1593.0,False,,
4046219634,"Pomacea canaliculata (Lamarck, 1822)",33.741723,130.461372,5.0,2023-02-20T16:29:23,2023.0,HUMAN_OBSERVATION,50c9509d-22c7-4a22-a47d-8c48425ef4a7,iNaturalist research-grade observations,Fukuoka,,2019-2026,15655,4049,130.4625,33.74583333333333,15.858333587646484,True,130.47083333333333,33.74583333333334,2.200000047683716,True,130.47083333333333,33.74583333333334,1664.0,True,130.47083333333333,33.74583333333334
4055066062,"Pomacea canaliculata (Lamarck, 1822)",35.353225,139.457403,,2023-03-05T11:10,2023.0,HUMAN_OBSERVATION,50c9509d-22c7-4a22-a47d-8c48425ef4a7,iNaturalist research-grade observations,Kanagawa,,2019-2026,16734,4242,139.45416666666665,35.354166666666664,15.729166984558105,False,,,0.800000011920929,False,,,1717.0,False,,
4138654647,"Pomacea canaliculata (Lamarck, 1822)",34.731247,135.54068,4.0,2023-06-23T20:56:38,2023.0,HUMAN_OBSERVATION,50c9509d-22c7-4a22-a47d-8c48425ef4a7,iNaturalist research-grade observations,Osaka,,2019-2026,16264,4167,135.5375,34.729166666666664,16.441667556762695,False,,,1.5,False,,,1360.0,False,,
5087272807,"Pomacea canaliculata (Lamarck, 1822)",34.57841,135.511878,6.0,2023-06-27T15:06:09,2023.0,HUMAN_OBSERVATION,50c9509d-22c7-4a22-a47d-8c48425ef4a7,iNaturalist research-grade observations,Osaka,,2019-2026,16261,4149,135.5125,34.579166666666666,16.462499618530273,False,,,1.399999976158142,False,,,1376.0,False,,
6130416804,"Pomacea canaliculata (Lamarck, 1822)",34.586055,135.502616,5.0,2023-06-05T20:57:42,2023.0,HUMAN_OBSERVATION,50c9509d-22c7-4a22-a47d-8c48425ef4a7,iNaturalist research-grade observations,Osaka,,2019-2026,16260,4150,135.50416666666666,34.5875,16.483333587646484,False,,,1.5,False,,,1362.0,False,,
6498313210,"Pomacea canaliculata (Lamarck, 1822)",34.956188,138.40822,10.0,2023-06-03T21:15:43,2023.0,HUMAN_OBSERVATION,50c9509d-22c7-4a22-a47d-8c48425ef4a7,iNaturalist research-grade observations,Shizuoka,,2019-2026,16608,4194,138.40416666666667,34.954166666666666,16.412500381469727,False,,,1.5,False,,,2175.0,False,,
4145629802,"Pomacea canaliculata (Lamarck, 1822)",33.562135,133.687845,2.0,2023-07-01T20:13,2023.0,HUMAN_OBSERVATION,50c9509d-22c7-4a22-a47d-8c48425ef4a7,iNaturalist research-grade observations,Kochi,,2019-2026,16042,4027,133.6875,33.5625,17.29166603088379,False,,,2.200000047683716,False,,,2065.0,False,,
4599892631,"Pomacea canaliculata (Lamarck, 1822)",35.764092,140.755722,4.0,2023-08-06T11:43:19,2023.0,HUMAN_OBSERVATION,50c9509d-22c7-4a22-a47d-8c48425ef4a7,iNaturalist research-grade observations,Chiba,,2019-2026,16890,4291,140.75416666666666,35.7625,14.883333206176758,False,,,-0.20000000298023224,False,,,1457.0,False,,
4500861406,"Pomacea canaliculata (Lamarck, 1822)",34.457535,135.813381,,2023-09-21T15:25,2023.0,HUMAN_OBSERVATION,50c9509d-22c7-4a22-a47d-8c48425ef4a7,iNaturalist research-grade observations,Nara,,2019-2026,16297,4134,135.8125,34.454166666666666,14.654166221618652,False,,,-0.30000001192092896,False,,,1584.0,False,,
4512018961,"Pomacea canaliculata (Lamarck, 1822)",34.469037,135.80892,,2023-09-21T16:30,2023.0,HUMAN_OBSERVATION,50c9509d-22c7-4a22-a47d-8c48425ef4a7,iNaturalist research-grade observations,Nara,,2019-2026,16297,4136,135.8125,34.47083333333333,15.129166603088379,False,,,0.0,False,,,1567.0,False,,
4527998883,"Pomacea canaliculata (Lamarck, 1822)",35.111463,135.921978,183.0,2023-09-28T16:01:15,2023.0,HUMAN_OBSERVATION,50c9509d-22c7-4a22-a47d-8c48425ef4a7,iNaturalist research-grade observations,Shiga,,2019-2026,16310,4213,135.92083333333332,35.1125,14.795833587646484,False,,,0.5,False,,,1652.0,False,,
5077094537,"Pomacea canaliculata (Lamarck, 1822)",34.556799,135.525865,11.0,2023-09-18T15:08:07,2023.0,HUMAN_OBSERVATION,50c9509d-22c7-4a22-a47d-8c48425ef4a7,iNaturalist research-grade observations,Osaka,,2019-2026,16263,4146,135.52916666666667,34.55416666666667,16.3125,False,,,1.2000000476837158,False,,,1376.0,False,,
4413452573,"Pomacea canaliculata (Lamarck, 1822)",34.958503,138.424805,4.0,2022-06-15T17:57:07,2022.0,HUMAN_OBSERVATION,50c9509d-22c7-4a22-a47d-8c48425ef4a7,iNaturalist research-grade observations,Shizuoka,,2019-2026,16610,4195,138.42083333333332,34.9625,16.358333587646484,False,,,1.5,False,,,2184.0,False,,
3873431707,"Pomacea canaliculata (Lamarck, 1822)",33.82002,132.788238,5.0,2022-07-16T21:04:55,2022.0,HUMAN_OBSERVATION,50c9509d-22c7-4a22-a47d-8c48425ef4a7,iNaturalist research-grade observations,Ehime,,2019-2026,15934,4058,132.7875,33.82083333333333,16.350000381469727,False,,,1.2000000476837158,False,,,1615.0,False,,
6196731077,"Pomacea canaliculata (Lamarck, 1822)",36.249162,139.724078,,2022-07-30,2022.0,PRESERVED_SPECIMEN,f0f52ff5-64d7-442f-8d12-da62a889667c,,Tochigi Prefecture,,2019-2026,16766,4349,139.72083333333333,36.24583333333333,14.175000190734863,False,,,-2.200000047683716,False,,,1273.0,False,,
6196731080,"Pomacea canaliculata (Lamarck, 1822)",36.287673,139.50855,,2022-07-30,2022.0,PRESERVED_SPECIMEN,f0f52ff5-64d7-442f-8d12-da62a889667c,,Tochigi Prefecture,,2019-2026,16741,4354,139.5125,36.2875,14.354166984558105,False,,,-2.0999999046325684,False,,,1248.0,False,,
3889169737,"Pomacea canaliculata (Lamarck, 1822)",35.938361,140.443396,5.0,2022-08-04T14:31:06,2022.0,HUMAN_OBSERVATION,50c9509d-22c7-4a22-a47d-8c48425ef4a7,iNaturalist research-grade observations,Ibaraki,,2019-2026,16853,4312,140.44583333333333,35.9375,14.262499809265137,False,,,-1.399999976158142,False,,,1388.0,False,,
3902809086,"Pomacea canaliculata (Lamarck, 1822)",34.771177,138.183481,,2022-08-23T07:32:54,2022.0,HUMAN_OBSERVATION,50c9509d-22c7-4a22-a47d-8c48425ef4a7,iNaturalist research-grade observations,Shizuoka,,2019-2026,16582,4172,138.1875,34.770833333333336,15.925000190734863,False,,,1.5,False,,,2282.0,False,,
3903096098,"Pomacea canaliculata (Lamarck, 1822)",34.968116,138.424791,6.0,2022-08-23T09:50:09,2022.0,HUMAN_OBSERVATION,50c9509d-22c7-4a22-a47d-8c48425ef4a7,iNaturalist research-grade observations,Shizuoka,,2019-2026,16610,4196,138.42083333333332,34.97083333333333,16.3125,False,,,1.399999976158142,False,,,2198.0,False,,
5087908557,"Pomacea canaliculata (Lamarck, 1822)",34.581063,135.529603,7.0,2022-09-14T16:21:27,2022.0,HUMAN_OBSERVATION,50c9509d-22c7-4a22-a47d-8c48425ef4a7,iNaturalist research-grade observations,Osaka,,2019-2026,16263,4149,135.52916666666667,34.579166666666666,16.45833396911621,False,,,1.2999999523162842,False,,,1385.0,False,,
3923576558,"Pomacea canaliculata (Lamarck, 1822)",36.061271,140.294602,54.0,2022-10-02T15:30,2022.0,HUMAN_OBSERVATION,50c9509d-22c7-4a22-a47d-8c48425ef4a7,iNaturalist research-grade observations,Ibaraki,,2019-2026,16835,4327,140.29583333333332,36.0625,13.675000190734863,False,,,-1.899999976158142,False,,,1339.0,False,,
5008089362,"Pomacea canaliculata (Lamarck, 1822)",34.589962,135.545926,9.0,2022-12-14T11:11:22,2022.0,HUMAN_OBSERVATION,50c9509d-22c7-4a22-a47d-8c48425ef4a7,iNaturalist research-grade observations,Osaka,,2019-2026,16265,4150,135.54583333333332,34.5875,16.462499618530273,False,,,1.2999999523162842,False,,,1378.0,False,,
6196727930,"Pomacea canaliculata (Lamarck, 1822)",36.291771,139.497365,,2021-03-25,2021.0,PRESERVED_SPECIMEN,f0f52ff5-64d7-442f-8d12-da62a889667c,,Tochigi Prefecture,,2019-2026,16739,4355,139.49583333333334,36.29583333333333,14.387499809265137,False,,,-2.0999999046325684,False,,,1250.0,False,,
6196727945,"Pomacea canaliculata (Lamarck, 1822)",36.250075,139.72638,,2021-03-29,2021.0,PRESERVED_SPECIMEN,f0f52ff5-64d7-442f-8d12-da62a889667c,,Tochigi Prefecture,,2019-2026,16767,4350,139.72916666666666,36.25416666666666,14.145833015441895,False,,,-2.299999952316284,False,,,1274.0,False,,
6196727950,"Pomacea canaliculata (Lamarck, 1822)",36.257361,139.735207,,2021-03-29,2021.0,PRESERVED_SPECIMEN,f0f52ff5-64d7-442f-8d12-da62a889667c,,Tochigi Prefecture,,2019-2026,16768,4350,139.7375,36.25416666666666,14.158333778381348,False,,,-2.299999952316284,False,,,1277.0,False,,
6196731082,"Pomacea canaliculata (Lamarck, 1822)",36.250868,139.722943,,2021-05-23,2021.0,PRESERVED_SPECIMEN,f0f52ff5-64d7-442f-8d12-da62a889667c,,Tochigi Prefecture,,2019-2026,16766,4350,139.72083333333333,36.25416666666666,14.145833015441895,False,,,-2.299999952316284,False,,,1270.0,False,,
3327939436,"Pomacea canaliculata (Lamarck, 1822)",35.342601,140.38464,,2021-07-12T15:30:24,2021.0,HUMAN_OBSERVATION,50c9509d-22c7-4a22-a47d-8c48425ef4a7,iNaturalist research-grade observations,Chiba,,2019-2026,16846,4241,140.3875,35.34583333333333,15.4375,False,,,1.600000023841858,False,,,1636.0,False,,
3413409421,"Pomacea canaliculata (Lamarck, 1822)",34.499394,135.427092,,2020-10-16,2020.0,PRESERVED_SPECIMEN,aebd3dab-0a7c-4bd7-b08c-397a462cbd67,,Osaka,Ikegami-cho,2019-2026,16251,4139,135.42916666666667,34.49583333333333,16.287500381469727,False,,,1.399999976158142,False,,,1367.0,False,,
5060440467,"Pomacea canaliculata (Lamarck, 1822)",34.73584,137.46741,,2020-10-21,2020.0,PRESERVED_SPECIMEN,810e15d2-f762-11e1-a439-00145eb45e9a,,Aichi,"Keshikiike, Unoya-cho",2019-2026,16496,4168,137.47083333333333,34.7375,15.620833396911621,False,,,1.2999999523162842,False,,,1950.0,False,,
3413409434,"Pomacea canaliculata (Lamarck, 1822)",34.413487,135.41889,,2020-12-20,2020.0,PRESERVED_SPECIMEN,aebd3dab-0a7c-4bd7-b08c-397a462cbd67,,Osaka,Okayama-cho,2019-2026,16250,4129,135.42083333333332,34.4125,15.070833206176758,False,,,0.30000001192092896,False,,,1446.0,False,,
3112311332,"Pomacea canaliculata (Lamarck, 1822)",34.96323,135.702408,20.0,2019-08-16T21:01:21,2019.0,HUMAN_OBSERVATION,50c9509d-22c7-4a22-a47d-8c48425ef4a7,iNaturalist research-grade observations,Kyoto,,2019-2026,16284,4195,135.70416666666665,34.9625,15.954166412353516,False,,,0.800000011920929,False,,,1509.0,False,,
6196721691,"Pomacea canaliculata (Lamarck, 1822)",36.269701,139.278845,,2019-08-24,2019.0,PRESERVED_SPECIMEN,f0f52ff5-64d7-442f-8d12-da62a889667c,,Gunma Prefecture,,2019-2026,16713,4352,139.27916666666667,36.270833333333336,14.679166793823242,False,,,-2.0999999046325684,False,,,1260.0,False,,
6196726514,"Pomacea canaliculata (Lamarck, 1822)",36.152609,139.70391,,2019-09-14,2019.0,PRESERVED_SPECIMEN,f0f52ff5-64d7-442f-8d12-da62a889667c,,Ibaraki Prefecture,,2019-2026,16764,4338,139.70416666666665,36.15416666666667,14.416666984558105,False,,,-1.899999976158142,False,,,1279.0,False,,
5060441105,"Pomacea canaliculata (Lamarck, 1822)",35.18143,136.90642,,2018-11-28,2018.0,PRESERVED_SPECIMEN,810e15d2-f762-11e1-a439-00145eb45e9a,,Aichi,Tobinosuike Funato-cho,2011-2018,16428,4221,136.90416666666667,35.17916666666667,15.720832824707031,False,,,0.20000000298023224,False,,,1983.0,False,,
2425381335,"Pomacea canaliculata (Lamarck, 1822)",32.8505,130.1973,,2017-01-14,2017.0,HUMAN_OBSERVATION,45ff6ac5-ee78-48dd-997f-3602025bc562,,Nagasaki Prefecture,"Tanae R., Unzen City, Nagasaki Prefecture, Japan",2011-2018,15623,3942,130.19583333333333,32.854166666666664,16.40833282470703,True,130.1875,32.854166666666664,1.600000023841858,True,130.1875,32.854166666666664,1824.0,True,130.1875,32.854166666666664
2425377926,"Pomacea canaliculata (Lamarck, 1822)",33.679,130.4328,,2017-02-25,2017.0,HUMAN_OBSERVATION,45ff6ac5-ee78-48dd-997f-3602025bc562,,Fukuoka Prefecture,"Tounoharu R., Fukuoka City, Fukuoka Prefecture, Japan",2011-2018,15651,4041,130.42916666666667,33.67916666666667,16.10416603088379,True,130.42916666666667,33.6875,2.299999952316284,True,130.42916666666667,33.6875,1666.0,True,130.42916666666667,33.6875
2425381379,"Pomacea canaliculata (Lamarck, 1822)",32.4832,130.2898,,2017-02-24,2017.0,HUMAN_OBSERVATION,45ff6ac5-ee78-48dd-997f-3602025bc562,,Kumamoto Prefecture,"Shimotsuura R., Amakusa City, Kumamoto Prefecture, Japan",2011-2018,15634,3897,130.2875,32.479166666666664,16.129167556762695,False,,,1.899999976158142,False,,,1987.0,False,,
2425381998,"Pomacea canaliculata (Lamarck, 1822)",32.6041,129.7812,,2017-03-26,2017.0,HUMAN_OBSERVATION,45ff6ac5-ee78-48dd-997f-3602025bc562,,Nagasaki Prefecture,"E R., Nagasaki City, Nagasaki Prefecture, Japan",2011-2018,15573,3912,129.77916666666667,32.604166666666664,16.566665649414062,True,129.7875,32.604166666666664,3.5,True,129.7875,32.604166666666664,2015.0,True,129.7875,32.604166666666664
2425380808,"Pomacea canaliculata (Lamarck, 1822)",32.4392,130.0182,,2017-04-13,2017.0,HUMAN_OBSERVATION,45ff6ac5-ee78-48dd-997f-3602025bc562,,Kumamoto Prefecture,"Komatsu R., Reihoku Town, Kumamoto Prefecture, Japan",2011-2018,15602,3892,130.02083333333334,32.4375,15.820833206176758,False,,,1.899999976158142,False,,,2084.0,False,,
2425380993,"Pomacea canaliculata (Lamarck, 1822)",32.5296,130.0931,,2017-04-12,2017.0,HUMAN_OBSERVATION,45ff6ac5-ee78-48dd-997f-3602025bc562,,Kumamoto Prefecture,"Matsubara R., Reihoku Town, Kumamoto Prefecture, Japan",2011-2018,15611,3903,130.09583333333333,32.52916666666667,16.320833206176758,False,,,2.4000000953674316,False,,,1955.0,False,,
2425381159,"Pomacea canaliculata (Lamarck, 1822)",32.2743,130.0322,,2017-04-14,2017.0,HUMAN_OBSERVATION,45ff6ac5-ee78-48dd-997f-3602025bc562,,Kumamoto Prefecture,"Kameura R., Amakusa City, Kumamoto Prefecture, Japan",2011-2018,15603,3872,130.02916666666667,32.270833333333336,16.445833206176758,False,,,2.5,False,,,2045.0,False,,
2425381383,"Pomacea canaliculata (Lamarck, 1822)",32.5126,130.0444,,2017-04-13,2017.0,HUMAN_OBSERVATION,45ff6ac5-ee78-48dd-997f-3602025bc562,,Kumamoto Prefecture,"Mie R., Reihoku Town, Kumamoto Prefecture, Japan",2011-2018,15605,3901,130.04583333333332,32.5125,16.54166603088379,False,,,3.0,False,,,1954.0,False,,
2425381615,"Pomacea canaliculata (Lamarck, 1822)",32.5214,130.0746,,2017-04-13,2017.0,HUMAN_OBSERVATION,45ff6ac5-ee78-48dd-997f-3602025bc562,,Kumamoto Prefecture,"Koutsufukae R., Reihoku Town, Kumamoto Prefecture, Japan",2011-2018,15608,3902,130.07083333333333,32.520833333333336,16.424999237060547,False,,,2.5999999046325684,False,,,1949.0,False,,
2425379412,"Pomacea canaliculata (Lamarck, 1822)",32.2867,130.4782,,2017-05-27,2017.0,HUMAN_OBSERVATION,45ff6ac5-ee78-48dd-997f-3602025bc562,,Kumamoto Prefecture,"Mejima R., Ashikita Town, Kumamoto Prefecture, Japan",2011-2018,15657,3874,130.47916666666666,32.2875,16.204166412353516,False,,,1.5,False,,,2041.0,False,,
2425380269,"Pomacea canaliculata (Lamarck, 1822)",32.1682,130.3608,,2017-05-28,2017.0,HUMAN_OBSERVATION,45ff6ac5-ee78-48dd-997f-3602025bc562,,Kumamoto Prefecture,"Sakai R., Minamata City, Kumamoto Prefecture, Japan",2011-2018,15643,3860,130.3625,32.170833333333334,16.741666793823242,False,,,2.299999952316284,False,,,2041.0,False,,
2425380528,"Pomacea canaliculata (Lamarck, 1822)",32.3509,130.4994,,2017-05-28,2017.0,HUMAN_OBSERVATION,45ff6ac5-ee78-48dd-997f-3602025bc562,,Kumamoto Prefecture,"Kotaura R., Ashikita Town, Kumamoto Prefecture, Japan",2011-2018,15659,3882,130.49583333333334,32.354166666666664,16.100000381469727,True,130.49583333333334,32.3625,1.600000023841858,True,130.49583333333334,32.3625,2045.0,True,130.49583333333334,32.3625
1902184615,"Pomacea canaliculata (Lamarck, 1822)",33.496004,130.104382,,2017-06-13,2017.0,PRESERVED_SPECIMEN,5fb59b97-5ae7-473a-bb66-c4da8703700f,,,,2011-2018,15612,4019,130.10416666666666,33.49583333333333,15.204166412353516,False,,,2.0,False,,,1798.0,False,,
2425378820,"Pomacea canaliculata (Lamarck, 1822)",33.2029,131.8611,,2017-07-20,2017.0,HUMAN_OBSERVATION,45ff6ac5-ee78-48dd-997f-3602025bc562,,Oita Prefecture,"Isshakuya R., Oita City, Oita Prefecture, Japan",2011-2018,15823,3984,131.8625,33.204166666666666,15.729166984558105,True,131.8625,33.2125,2.9000000953674316,True,131.8625,33.2125,1793.0,True,131.8625,33.2125
2425379225,"Pomacea canaliculata (Lamarck, 1822)",32.8368,131.9422,,2017-07-21,2017.0,HUMAN_OBSERVATION,45ff6ac5-ee78-48dd-997f-3602025bc562,,Oita Prefecture,"Kusumoto R., Saiki City, Oita Prefecture, Japan",2011-2018,15833,3940,131.94583333333333,32.8375,16.075000762939453,False,,,2.5,False,,,2045.0,False,,
2425379489,"Pomacea canaliculata (Lamarck, 1822)",33.2479,131.8376,,2017-07-20,2017.0,HUMAN_OBSERVATION,45ff6ac5-ee78-48dd-997f-3602025bc562,,Oita Prefecture,"Syuki R., Oita City, Oita Prefecture, Japan",2011-2018,15820,3989,131.8375,33.24583333333333,15.78749942779541,False,,,2.5999999046325684,False,,,1748.0,False,,
2425380244,"Pomacea canaliculata (Lamarck, 1822)",32.8928,131.9854,,2017-07-21,2017.0,HUMAN_OBSERVATION,45ff6ac5-ee78-48dd-997f-3602025bc562,,Oita Prefecture,"Irori R., Saiki City, Oita Prefecture, Japan",2011-2018,15838,3947,131.9875,32.895833333333336,15.887499809265137,True,131.97916666666666,32.895833333333336,2.700000047683716,True,131.97916666666666,32.895833333333336,2019.0,True,131.97916666666666,32.895833333333336
2425380697,"Pomacea canaliculata (Lamarck, 1822)",33.0133,131.9045,,2017-07-21,2017.0,HUMAN_OBSERVATION,45ff6ac5-ee78-48dd-997f-3602025bc562,,Oita Prefecture,"Kariu R., Saiki City, Oita Prefecture, Japan",2011-2018,15828,3961,131.90416666666667,33.0125,16.34166717529297,False,,,3.0,False,,,1887.0,False,,
2425382478,"Pomacea canaliculata (Lamarck, 1822)",32.7621,129.9989,,2017-07-14,2017.0,HUMAN_OBSERVATION,45ff6ac5-ee78-48dd-997f-3602025bc562,,Nagasaki Prefecture,"Tayui R., Isahaya City, Nagasaki Prefecture, Japan",2011-2018,15599,3931,129.99583333333334,32.7625,16.508333206176758,False,,,2.799999952316284,False,,,1923.0,False,,
2248755634,"Pomacea canaliculata (Lamarck, 1822)",36.767387,137.46935,,2017-08-30,2017.0,MATERIAL_SAMPLE,040c5662-da76-4782-a48e-cdea1892d14c,,,,2011-2018,16496,4412,137.47083333333333,36.770833333333336,10.979166984558105,False,,,-4.300000190734863,False,,,1746.0,False,,
2425378333,"Pomacea canaliculata (Lamarck, 1822)",33.8959,130.9174,,2017-09-10,2017.0,HUMAN_OBSERVATION,45ff6ac5-ee78-48dd-997f-3602025bc562,,Fukuoka Prefecture,"Muranaka R., Kitakyushu City, Fukuoka Prefecture, Japan",2011-2018,15710,4067,130.92083333333332,33.895833333333336,16.079166412353516,False,,,3.299999952316284,False,,,1694.0,False,,
2425378631,"Pomacea canaliculata (Lamarck, 1822)",33.8921,130.9046,,2017-09-10,2017.0,HUMAN_OBSERVATION,45ff6ac5-ee78-48dd-997f-3602025bc562,,Fukuoka Prefecture,"Enmeiji R., Kitakyushu City, Fukuoka Prefecture, Japan",2011-2018,15708,4067,130.90416666666667,33.895833333333336,16.183332443237305,True,130.90416666666667,33.8875,3.4000000953674316,True,130.90416666666667,33.8875,1723.0,True,130.90416666666667,33.8875
2425379383,"Pomacea canaliculata (Lamarck, 1822)",31.5817,130.7831,,2017-11-08,2017.0,HUMAN_OBSERVATION,45ff6ac5-ee78-48dd-997f-3602025bc562,,Kagoshima Prefecture,"Matsusaki R., Tarumizu City, Kagoshima Prefecture, Japan",2011-2018,15693,3789,130.77916666666667,31.579166666666666,16.20833396911621,True,130.7875,31.579166666666666,1.399999976158142,True,130.7875,31.579166666666666,2307.0,True,130.7875,31.579166666666666
2425379407,"Pomacea canaliculata (Lamarck, 1822)",31.5576,130.7291,,2017-11-08,2017.0,HUMAN_OBSERVATION,45ff6ac5-ee78-48dd-997f-3602025bc562,,Kagoshima Prefecture,"Heta R., Tarumizu City, Kagoshima Prefecture, Japan",2011-2018,15687,3786,130.72916666666666,31.554166666666667,16.558332443237305,False,,,2.0,False,,,2308.0,False,,
2425379627,"Pomacea canaliculata (Lamarck, 1822)",31.4427,130.7375,,2017-11-07,2017.0,HUMAN_OBSERVATION,45ff6ac5-ee78-48dd-997f-3602025bc562,,Kagoshima Prefecture,"Kotani R., Tarumizu City, Kagoshima Prefecture, Japan",2011-2018,15688,3773,130.7375,31.445833333333333,16.912500381469727,False,,,2.0,False,,,2295.0,False,,
2425380101,"Pomacea canaliculata (Lamarck, 1822)",31.4298,130.7516,,2017-11-07,2017.0,HUMAN_OBSERVATION,45ff6ac5-ee78-48dd-997f-3602025bc562,,Kagoshima Prefecture,"Makata R., Tarumizu City, Kagoshima Prefecture, Japan",2011-2018,15690,3771,130.75416666666666,31.429166666666667,16.820833206176758,False,,,2.0,False,,,2300.0,False,,
2425380430,"Pomacea canaliculata (Lamarck, 1822)",31.6781,130.8139,,2017-11-08,2017.0,HUMAN_OBSERVATION,45ff6ac5-ee78-48dd-997f-3602025bc562,,Kagoshima Prefecture,"Minato R., Tarumizu City, Kagoshima Prefecture, Japan",2011-2018,15697,3801,130.8125,31.679166666666667,16.02916717529297,True,130.8125,31.6875,0.699999988079071,True,130.8125,31.6875,2286.0,True,130.8125,31.6875
2425380483,"Pomacea canaliculata (Lamarck, 1822)",31.7044,130.7847,,2017-11-06,2017.0,HUMAN_OBSERVATION,45ff6ac5-ee78-48dd-997f-3602025bc562,,Kagoshima Prefecture,"Kenkou R., Kirishima City, Kagoshima Prefecture, Japan",2011-2018,15694,3804,130.7875,31.704166666666666,17.016666412353516,False,,,1.2999999523162842,False,,,2210.0,False,,
2425380666,"Pomacea canaliculata (Lamarck, 1822)",31.4969,130.6977,,2017-11-08,2017.0,HUMAN_OBSERVATION,45ff6ac5-ee78-48dd-997f-3602025bc562,,Kagoshima Prefecture,"Kawasaki R., Tarumizu City, Kagoshima Prefecture, Japan",2011-2018,15683,3779,130.69583333333333,31.495833333333334,16.850000381469727,True,130.70416666666665,31.495833333333334,1.899999976158142,True,130.70416666666665,31.495833333333334,2280.0,True,130.70416666666665,31.495833333333334
2425380949,"Pomacea canaliculata (Lamarck, 1822)",31.6976,130.7994,,2017-11-06,2017.0,HUMAN_OBSERVATION,45ff6ac5-ee78-48dd-997f-3602025bc562,,Kagoshima Prefecture,"Takahashi R., Kirishima City, Kagoshima Prefecture, Japan",2011-2018,15695,3803,130.79583333333332,31.695833333333333,16.774999618530273,True,130.79583333333332,31.704166666666666,1.100000023841858,True,130.79583333333332,31.704166666666666,2230.0,True,130.79583333333332,31.704166666666666
2425381409,"Pomacea canaliculata (Lamarck, 1822)",32.8232,130.3549,,2017-11-16,2017.0,HUMAN_OBSERVATION,45ff6ac5-ee78-48dd-997f-3602025bc562,,Nagasaki Prefecture,"Nishi R., Shimabara City, Nagasaki Prefecture, Japan",2011-2018,15642,3938,130.35416666666666,32.82083333333333,16.508333206176758,False,,,1.899999976158142,False,,,1836.0,False,,
2425382152,"Pomacea canaliculata (Lamarck, 1822)",32.6205,130.2336,,2017-11-16,2017.0,HUMAN_OBSERVATION,45ff6ac5-ee78-48dd-997f-3602025bc562,,Nagasaki Prefecture,"Nakatani R., Minamishimabara City, Nagasaki Prefecture, Japan",2011-2018,15628,3914,130.2375,32.62083333333333,16.450000762939453,True,130.2375,32.62916666666666,2.0,True,130.2375,32.62916666666666,1925.0,True,130.2375,32.62916666666666
2425382332,"Pomacea canaliculata (Lamarck, 1822)",32.8662,130.2337,,2017-11-16,2017.0,HUMAN_OBSERVATION,45ff6ac5-ee78-48dd-997f-3602025bc562,,Nagasaki Prefecture,"Saigou R., Unzen City, Nagasaki Prefecture, Japan",2011-2018,15628,3943,130.2375,32.8625,16.22083282470703,False,,,1.600000023841858,False,,,1828.0,False,,
2425382592,"Pomacea canaliculata (Lamarck, 1822)",32.6467,130.1293,,2017-11-17,2017.0,HUMAN_OBSERVATION,45ff6ac5-ee78-48dd-997f-3602025bc562,,Nagasaki Prefecture,"Tsubami R., Minamishimabara City, Nagasaki Prefecture, Japan",2011-2018,15615,3917,130.12916666666666,32.645833333333336,16.337499618530273,False,,,1.899999976158142,False,,,1914.0,False,,
2425378691,"Pomacea canaliculata (Lamarck, 1822)",33.5807,131.2984,,2016-03-28,2016.0,HUMAN_OBSERVATION,45ff6ac5-ee78-48dd-997f-3602025bc562,,Oita Prefecture,"Iroha R., Usa City, Oita Prefecture, Japan",2011-2018,15755,4029,131.29583333333332,33.579166666666666,15.854166984558105,False,,,1.0,False,,,1613.0,False,,
2425378701,"Pomacea canaliculata (Lamarck, 1822)",33.3726,131.617,,2016-03-29,2016.0,HUMAN_OBSERVATION,45ff6ac5-ee78-48dd-997f-3602025bc562,,Oita Prefecture,"Toshida R., Kitsuki City, Oita Prefecture, Japan",2011-2018,15794,4004,131.62083333333334,33.37083333333333,15.729166984558105,True,131.62083333333334,33.37916666666666,2.4000000953674316,True,131.62083333333334,33.37916666666666,1699.0,True,131.62083333333334,33.37916666666666
1291088718,"Pomacea canaliculata (Lamarck, 1822)",35.139993,138.769788,,2016-06-26T17:36:22,2016.0,HUMAN_OBSERVATION,50c9509d-22c7-4a22-a47d-8c48425ef4a7,iNaturalist research-grade observations,Shizuoka,,2011-2018,16652,4216,138.77083333333334,35.1375,15.545833587646484,False,,,0.30000001192092896,False,,,1809.0,False,,
1291088984,"Pomacea canaliculata (Lamarck, 1822)",35.13726,138.812748,,2016-06-26T18:03:45,2016.0,HUMAN_OBSERVATION,50c9509d-22c7-4a22-a47d-8c48425ef4a7,iNaturalist research-grade observations,Shizuoka,,2011-2018,16657,4216,138.8125,35.1375,15.504166603088379,False,,,0.20000000298023224,False,,,1808.0,False,,
2425378641,"Pomacea canaliculata (Lamarck, 1822)",33.5315,131.737,,2016-07-02,2016.0,HUMAN_OBSERVATION,45ff6ac5-ee78-48dd-997f-3602025bc562,,Oita Prefecture,"Jiroumaru R., Kunisaki City, Oita Prefecture, Japan",2011-2018,15808,4023,131.7375,33.52916666666667,15.866666793823242,True,131.7375,33.5375,2.5999999046325684,True,131.7375,33.5375,1680.0,True,131.7375,33.5375
2425378763,"Pomacea canaliculata (Lamarck, 1822)",33.6722,131.5285,,2016-07-02,2016.0,HUMAN_OBSERVATION,45ff6ac5-ee78-48dd-997f-3602025bc562,,Oita Prefecture,"Mime R., Bungotakada City, Oita Prefecture, Japan",2011-2018,15783,4040,131.52916666666667,33.670833333333334,15.458333015441895,False,,,1.600000023841858,False,,,1665.0,False,,
2425381007,"Pomacea canaliculata (Lamarck, 1822)",32.8874,130.5131,,2016-07-22,2016.0,HUMAN_OBSERVATION,45ff6ac5-ee78-48dd-997f-3602025bc562,,Kumamoto Prefecture,"Sakai R., Tamana City, Kumamoto Prefecture, Japan",2011-2018,15661,3946,130.5125,32.8875,16.200000762939453,False,,,0.6000000238418579,False,,,1794.0,False,,
2425381364,"Pomacea canaliculata (Lamarck, 1822)",32.9894,129.6534,,2016-07-01,2016.0,HUMAN_OBSERVATION,45ff6ac5-ee78-48dd-997f-3602025bc562,,Nagasaki Prefecture,"Yunoki R., Saikai City, Nagasaki Prefecture, Japan",2011-2018,15558,3958,129.65416666666667,32.9875,16.079166412353516,False,,,2.5,False,,,1966.0,False,,
2425382804,"Pomacea canaliculata (Lamarck, 1822)",33.5276,129.9493,,2016-07-15,2016.0,HUMAN_OBSERVATION,45ff6ac5-ee78-48dd-997f-3602025bc562,,Saga Prefecture,"Hashimoto R., Karatsu City, Saga Prefecture, Japan",2011-2018,15593,4023,129.94583333333333,33.52916666666667,16.33333396911621,True,129.9375,33.52916666666667,3.9000000953674316,True,129.9375,33.52916666666667,1768.0,True,129.9375,33.52916666666667
2425379151,"Pomacea canaliculata (Lamarck, 1822)",31.7419,131.471,,2016-08-18,2016.0,HUMAN_OBSERVATION,45ff6ac5-ee78-48dd-997f-3602025bc562,,Miyazaki Prefecture,"Nojima R., Miyazaki City, Miyazaki Prefecture, Japan",2011-2018,15776,3809,131.47083333333333,31.745833333333334,17.0,True,131.4625,31.745833333333334,3.4000000953674316,True,131.4625,31.745833333333334,2555.0,True,131.4625,31.745833333333334
2425379400,"Pomacea canaliculata (Lamarck, 1822)",32.7521,131.8713,,2016-08-17,2016.0,HUMAN_OBSERVATION,45ff6ac5-ee78-48dd-997f-3602025bc562,,Oita Prefecture,"Hatoudu R., Saiki City, Oita Prefecture, Japan",2011-2018,15824,3930,131.87083333333334,32.75416666666666,16.337499618530273,False,,,3.299999952316284,False,,,2082.0,False,,
2425380670,"Pomacea canaliculata (Lamarck, 1822)",32.7918,131.8774,,2016-08-17,2016.0,HUMAN_OBSERVATION,45ff6ac5-ee78-48dd-997f-3602025bc562,,Oita Prefecture,"Seri R., Saiki City, Oita Prefecture, Japan",2011-2018,15825,3935,131.87916666666666,32.795833333333334,16.008333206176758,False,,,2.4000000953674316,False,,,2073.0,False,,
2425380710,"Pomacea canaliculata (Lamarck, 1822)",31.7342,131.4627,,2016-08-18,2016.0,HUMAN_OBSERVATION,45ff6ac5-ee78-48dd-997f-3602025bc562,,Miyazaki Prefecture,"Kouchiumi R., Miyazaki City, Miyazaki Prefecture, Japan",2011-2018,15775,3808,131.4625,31.7375,17.125,False,,,3.5999999046325684,False,,,2549.0,False,,
2425380841,"Pomacea canaliculata (Lamarck, 1822)",32.9054,130.4766,,2016-08-02,2016.0,HUMAN_OBSERVATION,45ff6ac5-ee78-48dd-997f-3602025bc562,,Kumamoto Prefecture,"Ikusue R., Tamana City, Kumamoto Prefecture, Japan",2011-2018,15657,3948,130.47916666666666,32.90416666666667,16.125,False,,,0.6000000238418579,False,,,1797.0,False,,
2425383057,"Pomacea canaliculata (Lamarck, 1822)",33.2375,129.4361,,2016-08-31,2016.0,HUMAN_OBSERVATION,45ff6ac5-ee78-48dd-997f-3602025bc562,,Nagasaki Prefecture,"Nakatsura R., Hirado City, Nagasaki Prefecture, Japan",2011-2018,15532,3988,129.4375,33.2375,16.108333587646484,False,,,3.200000047683716,False,,,2032.0,False,,
2425382384,"Pomacea canaliculata (Lamarck, 1822)",33.2888,129.478,,2016-09-14,2016.0,HUMAN_OBSERVATION,45ff6ac5-ee78-48dd-997f-3602025bc562,,Nagasaki Prefecture,"Yasuman R., Hirado City, Nagasaki Prefecture, Japan",2011-2018,15537,3994,129.47916666666666,33.2875,16.116666793823242,False,,,3.299999952316284,False,,,2022.0,False,,
2425382877,"Pomacea canaliculata (Lamarck, 1822)",33.5236,130.1408,,2016-09-15,2016.0,HUMAN_OBSERVATION,45ff6ac5-ee78-48dd-997f-3602025bc562,,Fukuoka Prefecture,"Masuerakan R., Itoshima City, Fukuoka Prefecture, Japan",2011-2018,15616,4022,130.1375,33.520833333333336,15.933333396911621,False,,,2.5999999046325684,False,,,1703.0,False,,
6196733490,"Pomacea canaliculata (Lamarck, 1822)",36.16111,139.69979,,2016-09-26,2016.0,PRESERVED_SPECIMEN,f0f52ff5-64d7-442f-8d12-da62a889667c,,Ibaraki Prefecture,,2011-2018,16763,4339,139.69583333333333,36.1625,14.395833015441895,False,,,-1.899999976158142,False,,,1282.0,False,,
2425378576,"Pomacea canaliculata (Lamarck, 1822)",33.8779,130.6012,,2016-10-13,2016.0,HUMAN_OBSERVATION,45ff6ac5-ee78-48dd-997f-3602025bc562,,Fukuoka Prefecture,"Shioiri R., Okagaki Town, Fukuoka Prefecture, Japan",2011-2018,15672,4065,130.60416666666666,33.87916666666666,15.779167175292969,True,130.6125,33.87916666666666,2.4000000953674316,True,130.6125,33.87916666666666,1693.0,True,130.6125,33.87916666666666
2425380198,"Pomacea canaliculata (Lamarck, 1822)",32.6259,130.5897,,2016-12-10,2016.0,HUMAN_OBSERVATION,45ff6ac5-ee78-48dd-997f-3602025bc562,,Kumamoto Prefecture,"Omi R., Uki City, Kumamoto Prefecture, Japan",2011-2018,15670,3915,130.5875,32.62916666666666,15.933333396911621,False,,,1.0,False,,,1961.0,False,,
2425383177,"Pomacea canaliculata (Lamarck, 1822)",33.4468,129.8524,,2015-04-27,2015.0,HUMAN_OBSERVATION,45ff6ac5-ee78-48dd-997f-3602025bc562,,Saga Prefecture,"Sozoro R., Karatsu City, Saga Prefecture, Japan",2011-2018,15582,4013,129.85416666666666,33.44583333333333,16.09583282470703,False,,,2.799999952316284,False,,,1841.0,False,,
2425383256,"Pomacea canaliculata (Lamarck, 1822)",33.3259,129.8471,,2015-04-28,2015.0,HUMAN_OBSERVATION,45ff6ac5-ee78-48dd-997f-3602025bc562,,Saga Prefecture,"Hai R., Imari City, Saga Prefecture, Japan",2011-2018,15581,3999,129.84583333333333,33.329166666666666,16.34166717529297,False,,,3.0999999046325684,False,,,1867.0,False,,
2425377602,"Pomacea canaliculata (Lamarck, 1822)",33.5873,130.3117,,2015-05-16,2015.0,HUMAN_OBSERVATION,45ff6ac5-ee78-48dd-997f-3602025bc562,,Fukuoka Prefecture,"Jyurou R., Fukuoka City, Fukuoka Prefecture, Japan",2011-2018,15637,4030,130.3125,33.5875,16.3125,False,,,2.9000000953674316,False,,,1631.0,False,,
2425377693,"Pomacea canaliculata (Lamarck, 1822)",33.6144,130.1618,,2015-05-20,2015.0,HUMAN_OBSERVATION,45ff6ac5-ee78-48dd-997f-3602025bc562,,Fukuoka Prefecture,"Sakurai R., Itoshima City, Fukuoka Prefecture, Japan",2011-2018,15619,4033,130.1625,33.6125,16.179166793823242,False,,,3.0,False,,,1641.0,False,,
2425382623,"Pomacea canaliculata (Lamarck, 1822)",33.2865,129.837,,2015-05-05,2015.0,HUMAN_OBSERVATION,45ff6ac5-ee78-48dd-997f-3602025bc562,,Saga Prefecture,"Sato R., Imari City, Saga Prefecture, Japan",2011-2018,15580,3994,129.8375,33.2875,16.22916603088379,False,,,2.5999999046325684,False,,,1869.0,False,,
2425383066,"Pomacea canaliculata (Lamarck, 1822)",33.3645,129.6446,,2015-05-17,2015.0,HUMAN_OBSERVATION,45ff6ac5-ee78-48dd-997f-3602025bc562,,Nagasaki Prefecture,"Kashii R., Matsuura City, Nagasaki Prefecture, Japan",2011-2018,15557,4003,129.64583333333334,33.3625,16.204166412353516,False,,,2.9000000953674316,False,,,1926.0,False,,
2425382957,"Pomacea canaliculata (Lamarck, 1822)",33.3539,129.7669,,2015-06-29,2015.0,HUMAN_OBSERVATION,45ff6ac5-ee78-48dd-997f-3602025bc562,,Nagasaki Prefecture,"Imahuku R., Matsuura City, Nagasaki Prefecture, Japan",2011-2018,15572,4002,129.77083333333334,33.354166666666664,16.33333396911621,False,,,3.299999952316284,False,,,1865.0,False,,
1132409233,"Pomacea canaliculata (Lamarck, 1822)",34.492177,134.856292,,2015-07-19T15:03:45,2015.0,HUMAN_OBSERVATION,50c9509d-22c7-4a22-a47d-8c48425ef4a7,iNaturalist research-grade observations,Hyōgo,,2011-2018,16182,4139,134.85416666666666,34.49583333333333,15.375,True,134.8625,34.49583333333334,1.100000023841858,True,134.8625,34.49583333333334,1343.0,True,134.8625,34.49583333333334
2425377841,"Pomacea canaliculata (Lamarck, 1822)",33.762,130.47,,2015-08-30,2015.0,HUMAN_OBSERVATION,45ff6ac5-ee78-48dd-997f-3602025bc562,,Fukuoka Prefecture,"Saigou R., Fukutsu City, Fukuoka Prefecture, Japan",2011-2018,15656,4051,130.47083333333333,33.7625,15.887499809265137,False,,,2.299999952316284,False,,,1672.0,False,,
2425378635,"Pomacea canaliculata (Lamarck, 1822)",33.634,131.0878,,2015-08-28,2015.0,HUMAN_OBSERVATION,45ff6ac5-ee78-48dd-997f-3602025bc562,,Fukuoka Prefecture,"Kakuta R., Buzen City, Fukuoka Prefecture, Japan",2011-2018,15730,4036,131.0875,33.6375,15.454166412353516,True,131.07916666666665,33.6375,1.100000023841858,True,131.07916666666665,33.6375,1605.0,True,131.07916666666665,33.6375
2425378156,"Pomacea canaliculata (Lamarck, 1822)",33.8841,130.6321,,2015-10-24,2015.0,HUMAN_OBSERVATION,45ff6ac5-ee78-48dd-997f-3602025bc562,,Fukuoka Prefecture,"Yahagi R., Okagaki Town, Fukuoka Prefecture, Japan",2011-2018,15675,4066,130.62916666666666,33.8875,15.845833778381348,True,130.62916666666666,33.87916666666666,2.4000000953674316,True,130.62916666666666,33.87916666666666,1705.0,True,130.62916666666666,33.87916666666666
2425381763,"Pomacea canaliculata (Lamarck, 1822)",33.0712,130.1477,,2015-10-02,2015.0,HUMAN_OBSERVATION,45ff6ac5-ee78-48dd-997f-3602025bc562,,Saga Prefecture,"Kuroki R., Kashima City, Saga Prefecture, Japan",2011-2018,15617,3968,130.14583333333334,33.07083333333333,16.22916603088379,False,,,2.0,False,,,1791.0,False,,
2425382610,"Pomacea canaliculata (Lamarck, 1822)",33.0174,129.6494,,2015-10-11,2015.0,HUMAN_OBSERVATION,45ff6ac5-ee78-48dd-997f-3602025bc562,,Nagasaki Prefecture,"Ekawauchi R., Saikai City, Nagasaki Prefecture, Japan",2011-2018,15557,3962,129.64583333333334,33.020833333333336,16.02916717529297,True,129.65416666666667,33.020833333333336,2.5999999046325684,True,129.65416666666667,33.020833333333336,1971.0,True,129.65416666666667,33.020833333333336
2425377742,"Pomacea canaliculata (Lamarck, 1822)",33.6144,130.2349,,2015-11-25,2015.0,HUMAN_OBSERVATION,45ff6ac5-ee78-48dd-997f-3602025bc562,,Fukuoka Prefecture,"Obaru. R., Fukuoka City, Fukuoka Prefecture, Japan",2011-2018,15628,4033,130.2375,33.6125,16.29166603088379,False,,,3.0,False,,,1633.0,False,,
2425378323,"Pomacea canaliculata (Lamarck, 1822)",33.8096,130.9662,,2015-11-10,2015.0,HUMAN_OBSERVATION,45ff6ac5-ee78-48dd-997f-3602025bc562,,Fukuoka Prefecture,"Kusami R., Kitakyushu City, Fukuoka Prefecture, Japan",2011-2018,15715,4057,130.9625,33.8125,15.858333587646484,False,,,2.200000047683716,False,,,1664.0,False,,
2425378403,"Pomacea canaliculata (Lamarck, 1822)",33.9006,130.9867,,2015-11-10,2015.0,HUMAN_OBSERVATION,45ff6ac5-ee78-48dd-997f-3602025bc562,,Fukuoka Prefecture,"Otsubo R., Kitakyushu City, Fukuoka Prefecture, Japan",2011-2018,15718,4068,130.9875,33.90416666666667,15.762499809265137,False,,,2.700000047683716,False,,,1676.0,False,,
2425381563,"Pomacea canaliculata (Lamarck, 1822)",33.0554,130.1605,,2015-11-27,2015.0,HUMAN_OBSERVATION,45ff6ac5-ee78-48dd-997f-3602025bc562,,Saga Prefecture,"Iida R., Kashima City, Saga Prefecture, Japan",2011-2018,15619,3966,130.1625,33.05416666666667,16.195833206176758,False,,,2.0999999046325684,False,,,1790.0,False,,
2425378513,"Pomacea canaliculata (Lamarck, 1822)",33.6179,131.1087,,2015-12-26,2015.0,HUMAN_OBSERVATION,45ff6ac5-ee78-48dd-997f-3602025bc562,,Fukuoka Prefecture,"Naka R., Buzen City, Fukuoka Prefecture, Japan",2011-2018,15733,4034,131.1125,33.62083333333333,15.662500381469727,False,,,0.8999999761581421,False,,,1608.0,False,,
2425378625,"Pomacea canaliculata (Lamarck, 1822)",33.5809,131.3249,,2015-12-13,2015.0,HUMAN_OBSERVATION,45ff6ac5-ee78-48dd-997f-3602025bc562,,Oita Prefecture,"Yamashiro R., Usa City, Oita Prefecture, Japan",2011-2018,15758,4029,131.32083333333333,33.579166666666666,15.879166603088379,False,,,1.0,False,,,1613.0,False,,
2425382262,"Pomacea canaliculata (Lamarck, 1822)",32.8352,129.7126,,2015-12-12,2015.0,HUMAN_OBSERVATION,45ff6ac5-ee78-48dd-997f-3602025bc562,,Nagasaki Prefecture,"Kurosaki R., Nagasaki City, Nagasaki Prefecture, Japan",2011-2018,15565,3940,129.7125,32.8375,16.049999237060547,False,,,2.4000000953674316,False,,,1985.0,False,,
2429330790,"Pomacea canaliculata (Lamarck, 1822)",26.487956,127.844621,59.0,2014-10-25,2014.0,HUMAN_OBSERVATION,50c9509d-22c7-4a22-a47d-8c48425ef4a7,iNaturalist research-grade observations,Okinawa,,2011-2018,15341,3178,127.84583333333332,26.4875,22.554166793823242,False,,,14.100000381469727,False,,,2057.0,False,,
5060440363,"Pomacea canaliculata (Lamarck, 1822)",34.713,137.47037,,2013-11-19,2013.0,PRESERVED_SPECIMEN,810e15d2-f762-11e1-a439-00145eb45e9a,,Aichi,"Hirayamaike, Housei-cho",2011-2018,16496,4165,137.47083333333333,34.7125,15.683333396911621,False,,,1.399999976158142,False,,,1958.0,False,,
5060456706,"Pomacea canaliculata (Lamarck, 1822)",34.73637,137.40631,,2011-01-19,2011.0,PRESERVED_SPECIMEN,810e15d2-f762-11e1-a439-00145eb45e9a,,Aichi,"Pond Shimizu, Ejima-cho",2011-2018,16488,4168,137.40416666666667,34.7375,15.850000381469727,False,,,1.2999999523162842,False,,,1944.0,False,,
5060451904,"Pomacea canaliculata (Lamarck, 1822)",34.74899,137.45963,,2011-12-15,2011.0,PRESERVED_SPECIMEN,810e15d2-f762-11e1-a439-00145eb45e9a,,Aichi,"Pond Miyamae, Iwasaki-cho",2011-2018,16495,4169,137.4625,34.74583333333333,15.237500190734863,False,,,0.800000011920929,False,,,2032.0,False,,
1830847186,"Pomacea canaliculata (Lamarck, 1822)",34.72039,137.43109,,2009-10-25,2009.0,PRESERVED_SPECIMEN,810e15d2-f762-11e1-a439-00145eb45e9a,,Aichi,"Toyohashi Zoo and Botanical Park, Oana, Oiwa-cho",-2010,16491,4166,137.42916666666667,34.72083333333333,15.791666984558105,False,,,1.399999976158142,False,,,1937.0,False,,
729652047,"Pomacea canaliculata (Lamarck, 1822)",33.819698,130.957,,1998-11-24,1998.0,PRESERVED_SPECIMEN,7201065d-95ac-4706-bb2b-9fd04209fc8d,,Fukuoka,,-2010,15714,4058,130.95416666666665,33.82083333333333,15.858333587646484,False,,,2.0999999046325684,False,,,1667.0,False,,
1829670756,"Pomacea canaliculata (Lamarck, 1822)",27.386389,128.613056,,1997-05-30,1997.0,PRESERVED_SPECIMEN,95f883c4-f762-11e1-a439-00145eb45e9a,,Kagoshima,"Tomb of Yononushinohaka, Uchijiro, Okinoerabu-jima Island, Uchijiro",-2010,15433,3286,128.6125,27.3875,22.0,False,,,13.0,False,,,2156.0,False,,
1829670736,"Pomacea canaliculata (Lamarck, 1822)",24.458611,123.000556,,1996-05-30,1996.0,PRESERVED_SPECIMEN,95f883c4-f762-11e1-a439-00145eb45e9a,,Okinawa,"The head of Taburuga Riv., Sonai",-2010,14760,2935,123.00416666666666,24.4625,23.558332443237305,False,,,16.200000762939453,False,,,2399.0,False,,
729652256,"Pomacea canaliculata (Lamarck, 1822)",33.745399,131.015,,1996-06-29,1996.0,PRESERVED_SPECIMEN,7201065d-95ac-4706-bb2b-9fd04209fc8d,,Fukuoka,,-2010,15721,4049,131.0125,33.74583333333333,15.816666603088379,False,,,1.7000000476837158,False,,,1619.0,False,,
1829668059,"Pomacea canaliculata (Lamarck, 1822)",36.379444,139.015833,,1995-03-06,1995.0,PRESERVED_SPECIMEN,95f883c4-f762-11e1-a439-00145eb45e9a,,Gunma,Sugayamachi,-2010,16681,4365,139.0125,36.37916666666666,14.162500381469727,False,,,-2.5999999046325684,False,,,1326.0,False,,
1829670757,"Pomacea canaliculata (Lamarck, 1822)",35.005,134.359722,,1992-11-01/1992-11-30,1992.0,PRESERVED_SPECIMEN,95f883c4-f762-11e1-a439-00145eb45e9a,,Hyogo,,-2010,16123,4200,134.3625,35.00416666666666,13.8125,False,,,-1.399999976158142,False,,,1487.0,False,,
5060400624,"Pomacea canaliculata (Lamarck, 1822)",35.3754,136.80211,,1989-01-02,1989.0,PRESERVED_SPECIMEN,869e4288-f762-11e1-a439-00145eb45e9a,,Gifu,,-2010,16416,4245,136.80416666666667,35.37916666666666,15.254166603088379,False,,,-0.4000000059604645,False,,,1977.0,False,,
1830577446,"Pomacea canaliculata (Lamarck, 1822)",34.123809,135.181185,,1985-11-01/1985-11-30,1985.0,PRESERVED_SPECIMEN,e9ef15ac-1078-44c1-bc86-f1ecc4115a68,,Wakayama,"Hiraike Pond, Kishigawacho-Kodo",-2010,16221,4094,135.17916666666667,34.12083333333333,15.379166603088379,False,,,1.399999976158142,False,,,1540.0,False,,
1829667959,"Pomacea canaliculata (Lamarck, 1822)",36.513611,139.024167,,1985-12-15,1985.0,PRESERVED_SPECIMEN,95f883c4-f762-11e1-a439-00145eb45e9a,,Gunma,Akagimachitaru,-2010,16682,4381,139.02083333333334,36.5125,13.350000381469727,False,,,-2.799999952316284,False,,,1378.0,False,,
5060394468,"Pomacea canaliculata (Lamarck, 1822)",34.73769,135.34183,,1984-02-01/1984-02-29,1984.0,PRESERVED_SPECIMEN,869e4288-f762-11e1-a439-00145eb45e9a,,Hyogo,,-2010,16241,4168,135.34583333333333,34.7375,16.21666717529297,False,,,1.2000000476837158,False,,,1361.0,False,,
1830577069,"Pomacea canaliculata (Lamarck, 1822)",33.47013,135.78003,,1983-03-07,1983.0,PRESERVED_SPECIMEN,e9ef15ac-1078-44c1-bc86-f1ecc4115a68,,Wakayama,Kushimoto,-2010,16293,4016,135.77916666666667,33.47083333333333,17.141666412353516,False,,,4.599999904632568,False,,,2414.0,False,,
5060394796,"Pomacea canaliculata (Lamarck, 1822)",32.69319,130.65546,,1982-10-01/1982-10-31,1982.0,PRESERVED_SPECIMEN,869e4288-f762-11e1-a439-00145eb45e9a,,Kumamoto,,-2010,15678,3923,130.65416666666667,32.69583333333333,16.508333206176758,False,,,0.8999999761581421,False,,,1951.0,False,,
4920289320,"Pomacea canaliculata (Lamarck, 1822)",35.36172,136.7196,,,,HUMAN_OBSERVATION,26820b90-367e-4029-b70c-db601c591128,,Gifu,Gifu,Unknown,16406,4243,136.72083333333333,35.3625,15.212499618530273,False,,,-0.10000000149011612,False,,,1917.0,False,,
4920289327,"Pomacea canaliculata (Lamarck, 1822)",36.007537,140.58343,,,,MATERIAL_CITATION,26820b90-367e-4029-b70c-db601c591128,,Ibaraki,Kitaura,Unknown,16870,4320,140.5875,36.00416666666666,14.070833206176758,False,,,-1.2000000476837158,False,,,1401.0,False,,
4920289374,"Pomacea canaliculata (Lamarck, 1822)",34.5956,135.76194,,,,HUMAN_OBSERVATION,26820b90-367e-4029-b70c-db601c591128,,Nara,Ando,Unknown,16291,4151,135.7625,34.59583333333333,15.837499618530273,False,,,0.5,False,,,1480.0,False,,
4920289393,"Pomacea canaliculata (Lamarck, 1822)",34.16818,134.460672,,,,MATERIAL_CITATION,26820b90-367e-4029-b70c-db601c591128,,Tokushima,Kanto,Unknown,16135,4100,134.4625,34.170833333333334,14.929166793823242,False,,,0.4000000059604645,False,,,1623.0,False,,
4920289411,"Pomacea canaliculata (Lamarck, 1822)",34.120398,134.401994,,,,MATERIAL_CITATION,26820b90-367e-4029-b70c-db601c591128,,Tokushima,Shichijo,Unknown,16128,4094,134.40416666666667,34.12083333333333,16.054166793823242,False,,,1.100000023841858,False,,,1640.0,False,,
4920289421,"Pomacea canaliculata (Lamarck, 1822)",33.89828,135.17665,,,,HUMAN_OBSERVATION,26820b90-367e-4029-b70c-db601c591128,,Wakayama,Gobo,Unknown,16221,4067,135.17916666666667,33.895833333333336,16.320833206176758,False,,,2.200000047683716,False,,,1739.0,False,,
4920289458,"Pomacea canaliculata (Lamarck, 1822)",34.99793,134.98496,,,,HUMAN_OBSERVATION,26820b90-367e-4029-b70c-db601c591128,,Hyogo,Ono,Unknown,16198,4199,134.9875,34.99583333333333,14.729166030883789,False,,,-0.30000001192092896,False,,,1434.0,False,,
4920289497,"Pomacea canaliculata (Lamarck, 1822)",34.70132,137.857397,,,,MATERIAL_CITATION,26820b90-367e-4029-b70c-db601c591128,,Shizuoka,Iwata,Unknown,16542,4164,137.85416666666666,34.704166666666666,16.170833587646484,False,,,1.600000023841858,False,,,2117.0,False,,
4920289500,"Pomacea canaliculata (Lamarck, 1822)",35.29241,136.68942,,,,HUMAN_OBSERVATION,26820b90-367e-4029-b70c-db601c591128,,Gifu,Hashima,Unknown,16402,4235,136.6875,35.295833333333334,15.158333778381348,False,,,0.10000000149011612,False,,,1867.0,False,,
4920289509,"Pomacea canaliculata (Lamarck, 1822)",34.6748,135.79618,,,,HUMAN_OBSERVATION,26820b90-367e-4029-b70c-db601c591128,,Nara,Kashiwagi,Unknown,16295,4160,135.79583333333332,34.670833333333334,15.658333778381348,False,,,0.30000001192092896,False,,,1482.0,False,,
4920289522,"Pomacea canaliculata (Lamarck, 1822)",33.759793,133.622783,,,,MATERIAL_CITATION,26820b90-367e-4029-b70c-db601c591128,,Kochi,Kinozu,Unknown,16034,4051,133.62083333333334,33.7625,14.216667175292969,False,,,-0.699999988079071,False,,,1943.0,False,,
4920289535,"Pomacea canaliculata (Lamarck, 1822)",36.078629,138.080354,,,,MATERIAL_CITATION,26820b90-367e-4029-b70c-db601c591128,,Nagano,Shimosuwa,Unknown,16569,4329,138.07916666666665,36.079166666666666,10.145833015441895,False,,,-7.300000190734863,False,,,1161.0,False,,
4920289544,"Pomacea canaliculata (Lamarck, 1822)",33.77365,135.3106,,,,HUMAN_OBSERVATION,26820b90-367e-4029-b70c-db601c591128,,Wakayama,Minabe,Unknown,16237,4052,135.3125,33.770833333333336,16.424999237060547,False,,,2.299999952316284,False,,,1879.0,False,,
4920289548,"Pomacea canaliculata (Lamarck, 1822)",35.487291,133.890981,,,,MATERIAL_CITATION,26820b90-367e-4029-b70c-db601c591128,,Tottori,Yurihama,Unknown,16066,4258,133.8875,35.4875,14.695833206176758,False,,,0.5,False,,,1710.0,False,,
4920289613,"Pomacea canaliculata (Lamarck, 1822)",24.356875,123.80273,,,,MATERIAL_CITATION,26820b90-367e-4029-b70c-db601c591128,,Okinawa,Iriomote Isle,Unknown,14856,2922,123.80416666666666,24.354166666666668,22.79166603088379,False,,,15.100000381469727,False,,,2364.0,False,,
4920289618,"Pomacea canaliculata (Lamarck, 1822)",33.822583,132.807356,,,,MATERIAL_CITATION,26820b90-367e-4029-b70c-db601c591128,,Ehime,Matsuyama,Unknown,15936,4058,132.80416666666667,33.82083333333333,16.137500762939453,False,,,1.100000023841858,False,,,1615.0,False,,
4920289621,"Pomacea canaliculata (Lamarck, 1822)",34.68235,133.933588,,,,MATERIAL_CITATION,26820b90-367e-4029-b70c-db601c591128,,Okayama,Okayama,Unknown,16072,4161,133.9375,34.67916666666667,15.529166221618652,False,,,0.10000000149011612,False,,,1464.0,False,,
4920289671,"Pomacea canaliculata (Lamarck, 1822)",35.47124,133.87754,,,,HUMAN_OBSERVATION,26820b90-367e-4029-b70c-db601c591128,,Tottori,Kadota,Unknown,16065,4256,133.87916666666666,35.47083333333333,14.758333206176758,False,,,0.30000001192092896,False,,,1702.0,False,,
4920289683,"Pomacea canaliculata (Lamarck, 1822)",32.649228,130.965035,,,,MATERIAL_CITATION,26820b90-367e-4029-b70c-db601c591128,,Kumamoto,Aradani,Unknown,15715,3917,130.9625,32.645833333333336,13.529166221618652,False,,,-1.399999976158142,False,,,2433.0,False,,
4920289693,"Pomacea canaliculata (Lamarck, 1822)",36.101944,140.373056,,,,MATERIAL_CITATION,26820b90-367e-4029-b70c-db601c591128,,Ibaraki,Kasumigaura Lake,Unknown,16844,4332,140.37083333333334,36.10416666666666,13.479166984558105,False,,,-2.299999952316284,False,,,1355.0,False,,
4920289781,"Pomacea canaliculata (Lamarck, 1822)",35.47969,133.8025,,,,HUMAN_OBSERVATION,26820b90-367e-4029-b70c-db601c591128,,Tottori,Shimotuwa,Unknown,16056,4257,133.80416666666667,35.479166666666664,14.695833206176758,False,,,0.0,False,,,1700.0,False,,
4920289800,"Pomacea canaliculata (Lamarck, 1822)",34.30036,134.75185,,,,HUMAN_OBSERVATION,26820b90-367e-4029-b70c-db601c591128,,Hyogo,Ichitokunaga,Unknown,16170,4116,134.75416666666666,34.30416666666667,15.833333015441895,False,,,1.399999976158142,False,,,1481.0,False,,
4920289861,"Pomacea canaliculata (Lamarck, 1822)",32.979483,130.813333,,,,MATERIAL_CITATION,26820b90-367e-4029-b70c-db601c591128,,Kumamoto,Kikuchi,Unknown,15697,3957,130.8125,32.979166666666664,16.016666412353516,False,,,0.30000001192092896,False,,,1901.0,False,,
4920289870,"Pomacea canaliculata (Lamarck, 1822)",34.767,134.91493,,,,HUMAN_OBSERVATION,26820b90-367e-4029-b70c-db601c591128,,Hyogo,Kako,Unknown,16189,4172,134.9125,34.770833333333336,15.454166412353516,False,,,0.10000000149011612,False,,,1326.0,False,,
4920289872,"Pomacea canaliculata (Lamarck, 1822)",26.616204,127.981223,,,,MATERIAL_CITATION,26820b90-367e-4029-b70c-db601c591128,,Okinawa,Nago,Unknown,15357,3193,127.97916666666669,26.6125,22.549999237060547,False,,,13.5,False,,,2106.0,False,,
4920289881,"Pomacea canaliculata (Lamarck, 1822)",34.696699,135.799453,,,,MATERIAL_CITATION,26820b90-367e-4029-b70c-db601c591128,,Nara,Nara,Unknown,16295,4163,135.79583333333332,34.69583333333333,15.53749942779541,False,,,0.20000000298023224,False,,,1470.0,False,,
4920289922,"Pomacea canaliculata (Lamarck, 1822)",24.420672,124.203786,,,,MATERIAL_CITATION,26820b90-367e-4029-b70c-db601c591128,,Okinawa,Ishigaki Isle,Unknown,14904,2930,124.20416666666668,24.42083333333333,23.53333282470703,False,,,15.699999809265137,False,,,2121.0,False,,
4920289933,"Pomacea canaliculata (Lamarck, 1822)",33.038486,130.850484,,,,MATERIAL_CITATION,26820b90-367e-4029-b70c-db601c591128,,Kumamoto,Kikuchi,Unknown,15702,3964,130.85416666666666,33.0375,14.362500190734863,False,,,-0.6000000238418579,False,,,2066.0,False,,
4920289936,"Pomacea canaliculata (Lamarck, 1822)",34.482922,133.346721,,,,MATERIAL_CITATION,26820b90-367e-4029-b70c-db601c591128,,Hiroshima,Fukuyama,Unknown,16001,4137,133.34583333333333,34.479166666666664,15.466666221618652,False,,,-0.10000000149011612,False,,,1315.0,False,,
4920289994,"Pomacea canaliculata (Lamarck, 1822)",33.328917,130.417848,,,,MATERIAL_CITATION,26820b90-367e-4029-b70c-db601c591128,,Saga,Kamimine,Unknown,15650,3999,130.42083333333332,33.329166666666666,16.09583282470703,False,,,1.399999976158142,False,,,1783.0,False,,
