gbifID,scientificName,decimalLatitude,decimalLongitude,coordinateUncertaintyInMeters,eventDate,year,basisOfRecord,datasetKey,datasetName,stateProvince,locality,period
6162908977,"Pomacea canaliculata (Lamarck, 1822)",35.337545,136.634053,10.0,2026-02-22T16:57:53,2026.0,HUMAN_OBSERVATION,50c9509d-22c7-4a22-a47d-8c48425ef4a7,iNaturalist research-grade observations,Gifu,,2019-2026
6178432587,"Pomacea canaliculata (Lamarck, 1822)",34.982019,135.907796,9.0,2026-03-06T14:33:47,2026.0,HUMAN_OBSERVATION,50c9509d-22c7-4a22-a47d-8c48425ef4a7,iNaturalist research-grade observations,Shiga,,2019-2026
6195401254,"Pomacea canaliculata (Lamarck, 1822)",33.987383,131.354295,7.0,2026-04-08T16:50:30,2026.0,HUMAN_OBSERVATION,50c9509d-22c7-4a22-a47d-8c48425ef4a7,iNaturalist research-grade observations,Yamaguchi,,2019-2026
6235922460,"Pomacea canaliculata (Lamarck, 1822)",26.455975,127.857292,15.0,2026-04-19T17:46:27,2026.0,HUMAN_OBSERVATION,50c9509d-22c7-4a22-a47d-8c48425ef4a7,iNaturalist research-grade observations,Okinawa,,2019-2026
6353158424,"Pomacea canaliculata (Lamarck, 1822)",35.426356,139.341376,89.0,2026-05-31T14:56:56,2026.0,HUMAN_OBSERVATION,50c9509d-22c7-4a22-a47d-8c48425ef4a7,iNaturalist research-grade observations,Kanagawa,,2019-2026
6399516765,"Pomacea canaliculata (Lamarck, 1822)",35.006978,135.880722,20.0,2026-06-12T21:50:54,2026.0,HUMAN_OBSERVATION,50c9509d-22c7-4a22-a47d-8c48425ef4a7,iNaturalist research-grade observations,Shiga,,2019-2026
6413793949,"Pomacea canaliculata (Lamarck, 1822)",35.343721,136.639524,5.0,2026-06-16T18:11:01,2026.0,HUMAN_OBSERVATION,50c9509d-22c7-4a22-a47d-8c48425ef4a7,iNaturalist research-grade observations,Gifu,,2019-2026
6422193944,"Pomacea canaliculata (Lamarck, 1822)",35.370773,136.593817,15.0,2026-06-23T17:09,2026.0,HUMAN_OBSERVATION,50c9509d-22c7-4a22-a47d-8c48425ef4a7,iNaturalist research-grade observations,Gifu,,2019-2026
6422429631,"Pomacea canaliculata (Lamarck, 1822)",35.371861,136.593648,10.0,2026-06-23T17:43,2026.0,HUMAN_OBSERVATION,50c9509d-22c7-4a22-a47d-8c48425ef4a7,iNaturalist research-grade observations,Gifu,,2019-2026
6422838939,"Pomacea canaliculata (Lamarck, 1822)",35.371988,136.595044,7.0,2026-06-23T17:42,2026.0,HUMAN_OBSERVATION,50c9509d-22c7-4a22-a47d-8c48425ef4a7,iNaturalist research-grade observations,Gifu,,2019-2026
6422910462,"Pomacea canaliculata (Lamarck, 1822)",35.369572,136.593206,16.0,2026-06-23T15:54,2026.0,HUMAN_OBSERVATION,50c9509d-22c7-4a22-a47d-8c48425ef4a7,iNaturalist research-grade observations,Gifu,,2019-2026
6423055346,"Pomacea canaliculata (Lamarck, 1822)",35.366033,136.593718,12.0,2026-06-23T15:36:27,2026.0,HUMAN_OBSERVATION,50c9509d-22c7-4a22-a47d-8c48425ef4a7,iNaturalist research-grade observations,Gifu,,2019-2026
6423069875,"Pomacea canaliculata (Lamarck, 1822)",35.348172,140.383178,4.0,2026-06-14T14:12:33,2026.0,HUMAN_OBSERVATION,50c9509d-22c7-4a22-a47d-8c48425ef4a7,iNaturalist research-grade observations,Chiba,,2019-2026
6431529055,"Pomacea canaliculata (Lamarck, 1822)",35.011317,135.604656,27.0,2026-07-06T13:38:27,2026.0,HUMAN_OBSERVATION,50c9509d-22c7-4a22-a47d-8c48425ef4a7,iNaturalist research-grade observations,Kyoto,,2019-2026
6431878572,"Pomacea canaliculata (Lamarck, 1822)",34.718663,135.695918,19.0,2026-07-04T11:06:53,2026.0,HUMAN_OBSERVATION,50c9509d-22c7-4a22-a47d-8c48425ef4a7,iNaturalist research-grade observations,Osaka,,2019-2026
6441283005,"Pomacea canaliculata (Lamarck, 1822)",35.133861,135.990688,701.0,2026-07-11T10:02,2026.0,HUMAN_OBSERVATION,50c9509d-22c7-4a22-a47d-8c48425ef4a7,iNaturalist research-grade observations,Shiga,,2019-2026
6441660692,"Pomacea canaliculata (Lamarck, 1822)",35.358773,136.596627,4.0,2026-07-09T16:11,2026.0,HUMAN_OBSERVATION,50c9509d-22c7-4a22-a47d-8c48425ef4a7,iNaturalist research-grade observations,Gifu,,2019-2026
6441756673,"Pomacea canaliculata (Lamarck, 1822)",33.844495,132.723463,4.0,2026-07-10T14:26:37,2026.0,HUMAN_OBSERVATION,50c9509d-22c7-4a22-a47d-8c48425ef4a7,iNaturalist research-grade observations,Ehime,,2019-2026
6441801113,"Pomacea canaliculata (Lamarck, 1822)",35.359974,136.596888,3.0,2026-07-09T17:06,2026.0,HUMAN_OBSERVATION,50c9509d-22c7-4a22-a47d-8c48425ef4a7,iNaturalist research-grade observations,Gifu,,2019-2026
6441977784,"Pomacea canaliculata (Lamarck, 1822)",35.359662,136.596879,12.0,2026-07-09T16:53,2026.0,HUMAN_OBSERVATION,50c9509d-22c7-4a22-a47d-8c48425ef4a7,iNaturalist research-grade observations,Gifu,,2019-2026
6452129039,"Pomacea canaliculata (Lamarck, 1822)",35.012617,135.606256,8.0,2026-07-19T09:31:16,2026.0,HUMAN_OBSERVATION,50c9509d-22c7-4a22-a47d-8c48425ef4a7,iNaturalist research-grade observations,Kyoto,,2019-2026
6452183816,"Pomacea canaliculata (Lamarck, 1822)",34.983966,136.618548,104.0,2026-07-14T12:47,2026.0,HUMAN_OBSERVATION,50c9509d-22c7-4a22-a47d-8c48425ef4a7,iNaturalist research-grade observations,Mie,,2019-2026
6469978621,"Pomacea canaliculata (Lamarck, 1822)",34.77602,135.486225,1.0,2026-07-23T16:44,2026.0,HUMAN_OBSERVATION,50c9509d-22c7-4a22-a47d-8c48425ef4a7,iNaturalist research-grade observations,Osaka,,2019-2026
6470190734,"Pomacea canaliculata (Lamarck, 1822)",34.776153,135.486032,1.0,2026-07-23T16:31,2026.0,HUMAN_OBSERVATION,50c9509d-22c7-4a22-a47d-8c48425ef4a7,iNaturalist research-grade observations,Osaka,,2019-2026
6470552491,"Pomacea canaliculata (Lamarck, 1822)",34.776164,135.486125,1.0,2026-07-23T16:22,2026.0,HUMAN_OBSERVATION,50c9509d-22c7-4a22-a47d-8c48425ef4a7,iNaturalist research-grade observations,Osaka,,2019-2026
6479159519,"Pomacea canaliculata (Lamarck, 1822)",34.776182,135.486083,1.0,2026-07-20T19:18,2026.0,HUMAN_OBSERVATION,50c9509d-22c7-4a22-a47d-8c48425ef4a7,iNaturalist research-grade observations,Osaka,,2019-2026
6480295325,"Pomacea canaliculata (Lamarck, 1822)",33.706096,130.960667,7.0,2026-07-31T15:54:28,2026.0,HUMAN_OBSERVATION,50c9509d-22c7-4a22-a47d-8c48425ef4a7,iNaturalist research-grade observations,Fukuoka,,2019-2026
6499852866,"Pomacea canaliculata (Lamarck, 1822)",33.197046,130.298091,,2026-07-08T11:05:09,2026.0,HUMAN_OBSERVATION,50c9509d-22c7-4a22-a47d-8c48425ef4a7,iNaturalist research-grade observations,Saga,,2019-2026
6479721681,"Pomacea canaliculata (Lamarck, 1822)",34.12112,134.345245,13.0,2026-08-02T12:08:22,2026.0,HUMAN_OBSERVATION,50c9509d-22c7-4a22-a47d-8c48425ef4a7,iNaturalist research-grade observations,Tokushima,,2019-2026
6498530424,"Pomacea canaliculata (Lamarck, 1822)",34.675281,137.417887,931.0,2026-08-13T16:46:54,2026.0,HUMAN_OBSERVATION,50c9509d-22c7-4a22-a47d-8c48425ef4a7,iNaturalist research-grade observations,Aichi,,2019-2026
6498775361,"Pomacea canaliculata (Lamarck, 1822)",34.827847,137.678572,2.0,2026-08-16T05:52:08,2026.0,HUMAN_OBSERVATION,50c9509d-22c7-4a22-a47d-8c48425ef4a7,iNaturalist research-grade observations,Shizuoka,,2019-2026
6498897508,"Pomacea canaliculata (Lamarck, 1822)",33.29951,130.171257,10.0,2026-08-14T09:00:01,2026.0,HUMAN_OBSERVATION,50c9509d-22c7-4a22-a47d-8c48425ef4a7,iNaturalist research-grade observations,Saga,,2019-2026
6519496068,"Pomacea canaliculata (Lamarck, 1822)",35.333731,136.625156,7.0,2026-08-21T16:16:11,2026.0,HUMAN_OBSERVATION,50c9509d-22c7-4a22-a47d-8c48425ef4a7,iNaturalist research-grade observations,Gifu,,2019-2026
6520000875,"Pomacea canaliculata (Lamarck, 1822)",35.075881,135.934305,,2026-08-14T16:56:56,2026.0,HUMAN_OBSERVATION,50c9509d-22c7-4a22-a47d-8c48425ef4a7,iNaturalist research-grade observations,Shiga,,2019-2026
6520646366,"Pomacea canaliculata (Lamarck, 1822)",35.332778,136.624771,7.0,2026-08-21T16:14:23,2026.0,HUMAN_OBSERVATION,50c9509d-22c7-4a22-a47d-8c48425ef4a7,iNaturalist research-grade observations,Gifu,,2019-2026
5134802341,"Pomacea canaliculata (Lamarck, 1822)",35.720791,140.684095,103.0,2025-03-12T13:10:41,2025.0,HUMAN_OBSERVATION,50c9509d-22c7-4a22-a47d-8c48425ef4a7,iNaturalist research-grade observations,Chiba,,2019-2026
5153151194,"Pomacea canaliculata (Lamarck, 1822)",34.716962,135.693008,,2025-05-03T10:55,2025.0,HUMAN_OBSERVATION,50c9509d-22c7-4a22-a47d-8c48425ef4a7,iNaturalist research-grade observations,Osaka,,2019-2026
5293118891,"Pomacea canaliculata (Lamarck, 1822)",33.525354,133.370556,244.0,2025-05-26T14:02,2025.0,HUMAN_OBSERVATION,50c9509d-22c7-4a22-a47d-8c48425ef4a7,iNaturalist research-grade observations,Kochi,,2019-2026
5903905748,"Pomacea canaliculata (Lamarck, 1822)",34.775771,135.485191,4.0,2025-05-11T13:49,2025.0,HUMAN_OBSERVATION,50c9509d-22c7-4a22-a47d-8c48425ef4a7,iNaturalist research-grade observations,Osaka,,2019-2026
5903962565,"Pomacea canaliculata (Lamarck, 1822)",34.775823,135.485325,4.0,2025-05-11T13:49,2025.0,HUMAN_OBSERVATION,50c9509d-22c7-4a22-a47d-8c48425ef4a7,iNaturalist research-grade observations,Osaka,,2019-2026
5903962809,"Pomacea canaliculata (Lamarck, 1822)",34.77579,135.485535,4.0,2025-05-11T13:49,2025.0,HUMAN_OBSERVATION,50c9509d-22c7-4a22-a47d-8c48425ef4a7,iNaturalist research-grade observations,Osaka,,2019-2026
5935585402,"Pomacea canaliculata (Lamarck, 1822)",34.805163,137.65188,184.0,2025-05-16T11:19:20,2025.0,HUMAN_OBSERVATION,50c9509d-22c7-4a22-a47d-8c48425ef4a7,iNaturalist research-grade observations,Shizuoka,,2019-2026
6130276825,"Pomacea canaliculata (Lamarck, 1822)",34.775724,135.485018,4.0,2025-05-11T13:49,2025.0,HUMAN_OBSERVATION,50c9509d-22c7-4a22-a47d-8c48425ef4a7,iNaturalist research-grade observations,Osaka,,2019-2026
6130416917,"Pomacea canaliculata (Lamarck, 1822)",34.805163,137.65188,184.0,2025-05-16T11:36,2025.0,HUMAN_OBSERVATION,50c9509d-22c7-4a22-a47d-8c48425ef4a7,iNaturalist research-grade observations,Shizuoka,,2019-2026
6130850366,"Pomacea canaliculata (Lamarck, 1822)",34.775893,135.484417,4.0,2025-05-11T13:49,2025.0,HUMAN_OBSERVATION,50c9509d-22c7-4a22-a47d-8c48425ef4a7,iNaturalist research-grade observations,Osaka,,2019-2026
6130997015,"Pomacea canaliculata (Lamarck, 1822)",34.775999,135.484196,2.0,2025-05-11T13:48,2025.0,HUMAN_OBSERVATION,50c9509d-22c7-4a22-a47d-8c48425ef4a7,iNaturalist research-grade observations,Osaka,,2019-2026
6131050297,"Pomacea canaliculata (Lamarck, 1822)",34.776069,135.484245,2.0,2025-05-11T13:48,2025.0,HUMAN_OBSERVATION,50c9509d-22c7-4a22-a47d-8c48425ef4a7,iNaturalist research-grade observations,Osaka,,2019-2026
5205961419,"Pomacea canaliculata (Lamarck, 1822)",33.592328,130.891937,3.0,2025-06-22T14:23:45,2025.0,HUMAN_OBSERVATION,50c9509d-22c7-4a22-a47d-8c48425ef4a7,iNaturalist research-grade observations,Fukuoka,,2019-2026
5206714343,"Pomacea canaliculata (Lamarck, 1822)",33.592353,130.891905,4.0,2025-06-22T14:23:55,2025.0,HUMAN_OBSERVATION,50c9509d-22c7-4a22-a47d-8c48425ef4a7,iNaturalist research-grade observations,Fukuoka,,2019-2026
5215776578,"Pomacea canaliculata (Lamarck, 1822)",34.782301,135.550993,47.0,2025-06-28T16:17:36,2025.0,HUMAN_OBSERVATION,50c9509d-22c7-4a22-a47d-8c48425ef4a7,iNaturalist research-grade observations,Osaka,,2019-2026
6131522065,"Pomacea canaliculata (Lamarck, 1822)",34.912572,135.769012,8.0,2025-06-22T17:09:17,2025.0,HUMAN_OBSERVATION,50c9509d-22c7-4a22-a47d-8c48425ef4a7,iNaturalist research-grade observations,Kyoto,,2019-2026
5217545470,"Pomacea canaliculata (Lamarck, 1822)",35.542196,140.348007,,2025-07-03T15:09:05,2025.0,HUMAN_OBSERVATION,50c9509d-22c7-4a22-a47d-8c48425ef4a7,iNaturalist research-grade observations,Chiba,,2019-2026
5231176001,"Pomacea canaliculata (Lamarck, 1822)",34.657653,136.512685,,2025-07-20T09:28,2025.0,HUMAN_OBSERVATION,50c9509d-22c7-4a22-a47d-8c48425ef4a7,iNaturalist research-grade observations,Mie,,2019-2026
5237586434,"Pomacea canaliculata (Lamarck, 1822)",34.751047,135.610214,14.0,2025-07-26T19:09:45,2025.0,HUMAN_OBSERVATION,50c9509d-22c7-4a22-a47d-8c48425ef4a7,iNaturalist research-grade observations,Osaka,,2019-2026
5238435410,"Pomacea canaliculata (Lamarck, 1822)",34.717788,135.695237,,2025-07-27T11:11,2025.0,HUMAN_OBSERVATION,50c9509d-22c7-4a22-a47d-8c48425ef4a7,iNaturalist research-grade observations,Osaka,,2019-2026
5282602514,"Pomacea canaliculata (Lamarck, 1822)",35.127822,137.009706,3.0,2025-07-30T17:38:35,2025.0,HUMAN_OBSERVATION,50c9509d-22c7-4a22-a47d-8c48425ef4a7,iNaturalist research-grade observations,Aichi,,2019-2026
6196054473,"Pomacea canaliculata (Lamarck, 1822)",34.740844,136.529578,53.0,2025-07-19T03:36,2025.0,HUMAN_OBSERVATION,50c9509d-22c7-4a22-a47d-8c48425ef4a7,iNaturalist research-grade observations,Mie,,2019-2026
5759506103,"Pomacea canaliculata (Lamarck, 1822)",33.970963,132.776887,5.0,2025-08-23T16:17:53,2025.0,HUMAN_OBSERVATION,50c9509d-22c7-4a22-a47d-8c48425ef4a7,iNaturalist research-grade observations,Ehime,,2019-2026
5759530464,"Pomacea canaliculata (Lamarck, 1822)",35.046658,136.695817,8.0,2025-08-21T19:00:18,2025.0,HUMAN_OBSERVATION,50c9509d-22c7-4a22-a47d-8c48425ef4a7,iNaturalist research-grade observations,Mie,,2019-2026
5760861592,"Pomacea canaliculata (Lamarck, 1822)",35.046672,136.695953,14.0,2025-08-21T19:03:49,2025.0,HUMAN_OBSERVATION,50c9509d-22c7-4a22-a47d-8c48425ef4a7,iNaturalist research-grade observations,Mie,,2019-2026
5761039620,"Pomacea canaliculata (Lamarck, 1822)",35.046642,136.695847,10.0,2025-08-21T18:57:22,2025.0,HUMAN_OBSERVATION,50c9509d-22c7-4a22-a47d-8c48425ef4a7,iNaturalist research-grade observations,Mie,,2019-2026
6130694516,"Pomacea canaliculata (Lamarck, 1822)",35.359025,136.596782,12.0,2025-08-03T18:12,2025.0,HUMAN_OBSERVATION,50c9509d-22c7-4a22-a47d-8c48425ef4a7,iNaturalist research-grade observations,Gifu,,2019-2026
6130729570,"Pomacea canaliculata (Lamarck, 1822)",34.776407,135.486292,10.0,2025-08-27T14:57,2025.0,HUMAN_OBSERVATION,50c9509d-22c7-4a22-a47d-8c48425ef4a7,iNaturalist research-grade observations,Osaka,,2019-2026
6131351725,"Pomacea canaliculata (Lamarck, 1822)",35.314261,139.355011,9.0,2025-08-29T14:59,2025.0,HUMAN_OBSERVATION,50c9509d-22c7-4a22-a47d-8c48425ef4a7,iNaturalist research-grade observations,Kanagawa,,2019-2026
5837643002,"Pomacea canaliculata (Lamarck, 1822)",34.93083,135.72162,3.0,2025-09-30T11:07:35,2025.0,HUMAN_OBSERVATION,50c9509d-22c7-4a22-a47d-8c48425ef4a7,iNaturalist research-grade observations,Kyoto,,2019-2026
6130800844,"Pomacea canaliculata (Lamarck, 1822)",35.359451,136.596791,4.0,2025-09-24T12:08,2025.0,HUMAN_OBSERVATION,50c9509d-22c7-4a22-a47d-8c48425ef4a7,iNaturalist research-grade observations,Gifu,,2019-2026
4597118576,"Pomacea canaliculata (Lamarck, 1822)",35.547703,139.451431,4.0,2024-03-17T15:00,2024.0,HUMAN_OBSERVATION,50c9509d-22c7-4a22-a47d-8c48425ef4a7,iNaturalist research-grade observations,Tokyo,,2019-2026
4855144935,"Pomacea canaliculata (Lamarck, 1822)",35.36882,139.314441,38.0,2024-05-03T13:15:36,2024.0,HUMAN_OBSERVATION,50c9509d-22c7-4a22-a47d-8c48425ef4a7,iNaturalist research-grade observations,Kanagawa,,2019-2026
4872229857,"Pomacea canaliculata (Lamarck, 1822)",33.550992,133.67758,4.0,2024-05-24T13:52:15,2024.0,HUMAN_OBSERVATION,50c9509d-22c7-4a22-a47d-8c48425ef4a7,iNaturalist research-grade observations,Kochi,,2019-2026
5154429621,"Pomacea canaliculata (Lamarck, 1822)",34.95385,135.910355,20.0,2024-05-27T14:57:25,2024.0,HUMAN_OBSERVATION,50c9509d-22c7-4a22-a47d-8c48425ef4a7,iNaturalist research-grade observations,Shiga,,2019-2026
4901817282,"Pomacea canaliculata (Lamarck, 1822)",34.73402,135.700378,,2024-06-13T10:32,2024.0,HUMAN_OBSERVATION,50c9509d-22c7-4a22-a47d-8c48425ef4a7,iNaturalist research-grade observations,Osaka,,2019-2026
4901858298,"Pomacea canaliculata (Lamarck, 1822)",34.735493,135.7005,,2024-06-13T10:36,2024.0,HUMAN_OBSERVATION,50c9509d-22c7-4a22-a47d-8c48425ef4a7,iNaturalist research-grade observations,Osaka,,2019-2026
4901932576,"Pomacea canaliculata (Lamarck, 1822)",35.213496,136.817999,99.0,2024-06-01T16:28,2024.0,HUMAN_OBSERVATION,50c9509d-22c7-4a22-a47d-8c48425ef4a7,iNaturalist research-grade observations,Aichi,,2019-2026
4904161231,"Pomacea canaliculata (Lamarck, 1822)",34.38507,135.300613,4.0,2024-06-27T18:02:17,2024.0,HUMAN_OBSERVATION,50c9509d-22c7-4a22-a47d-8c48425ef4a7,iNaturalist research-grade observations,Osaka,,2019-2026
4919340931,"Pomacea canaliculata (Lamarck, 1822)",34.976397,135.908295,10.0,2024-07-28T14:00:32,2024.0,HUMAN_OBSERVATION,50c9509d-22c7-4a22-a47d-8c48425ef4a7,iNaturalist research-grade observations,Shiga,,2019-2026
6163016981,"Pomacea canaliculata (Lamarck, 1822)",34.632438,135.57518,6.0,2024-07-29T01:37:05,2024.0,HUMAN_OBSERVATION,50c9509d-22c7-4a22-a47d-8c48425ef4a7,iNaturalist research-grade observations,Osaka,,2019-2026
4926020273,"Pomacea canaliculata (Lamarck, 1822)",35.310009,136.770266,19.0,2024-08-14T13:22:10,2024.0,HUMAN_OBSERVATION,50c9509d-22c7-4a22-a47d-8c48425ef4a7,iNaturalist research-grade observations,Aichi,,2019-2026
6129887197,"Pomacea canaliculata (Lamarck, 1822)",35.012639,135.606125,5.0,2024-08-19T12:14:04,2024.0,HUMAN_OBSERVATION,50c9509d-22c7-4a22-a47d-8c48425ef4a7,iNaturalist research-grade observations,Kyoto,,2019-2026
4949993185,"Pomacea canaliculata (Lamarck, 1822)",35.007536,135.874392,,2024-09-24T13:39:31,2024.0,HUMAN_OBSERVATION,50c9509d-22c7-4a22-a47d-8c48425ef4a7,iNaturalist research-grade observations,Shiga,,2019-2026
5063727561,"Pomacea canaliculata (Lamarck, 1822)",34.775997,135.484189,1.0,2024-12-28T14:50,2024.0,HUMAN_OBSERVATION,50c9509d-22c7-4a22-a47d-8c48425ef4a7,iNaturalist research-grade observations,Osaka,,2019-2026
5063733447,"Pomacea canaliculata (Lamarck, 1822)",34.776175,135.486134,1.0,2024-12-28T15:02,2024.0,HUMAN_OBSERVATION,50c9509d-22c7-4a22-a47d-8c48425ef4a7,iNaturalist research-grade observations,Osaka,,2019-2026
5063735583,"Pomacea canaliculata (Lamarck, 1822)",34.775928,135.484166,8.0,2024-12-28T14:49,2024.0,HUMAN_OBSERVATION,50c9509d-22c7-4a22-a47d-8c48425ef4a7,iNaturalist research-grade observations,Osaka,,2019-2026
5063747738,"Pomacea canaliculata (Lamarck, 1822)",34.776066,135.484241,8.0,2024-12-28T14:48,2024.0,HUMAN_OBSERVATION,50c9509d-22c7-4a22-a47d-8c48425ef4a7,iNaturalist research-grade observations,Osaka,,2019-2026
5063756588,"Pomacea canaliculata (Lamarck, 1822)",34.776016,135.484202,2.0,2024-12-28T14:50,2024.0,HUMAN_OBSERVATION,50c9509d-22c7-4a22-a47d-8c48425ef4a7,iNaturalist research-grade observations,Osaka,,2019-2026
6162765271,"Pomacea canaliculata (Lamarck, 1822)",34.775705,135.484889,4.0,2024-12-15T16:15,2024.0,HUMAN_OBSERVATION,50c9509d-22c7-4a22-a47d-8c48425ef4a7,iNaturalist research-grade observations,Osaka,,2019-2026
6162819711,"Pomacea canaliculata (Lamarck, 1822)",34.776081,135.484291,1.0,2024-12-15T16:17,2024.0,HUMAN_OBSERVATION,50c9509d-22c7-4a22-a47d-8c48425ef4a7,iNaturalist research-grade observations,Osaka,,2019-2026
6162824513,"Pomacea canaliculata (Lamarck, 1822)",34.77618,135.48617,8.0,2024-12-15T16:10,2024.0,HUMAN_OBSERVATION,50c9509d-22c7-4a22-a47d-8c48425ef4a7,iNaturalist research-grade observations,Osaka,,2019-2026
6163407958,"Pomacea canaliculata (Lamarck, 1822)",34.775965,135.484153,2.0,2024-12-15T16:21,2024.0,HUMAN_OBSERVATION,50c9509d-22c7-4a22-a47d-8c48425ef4a7,iNaturalist research-grade observations,Osaka,,2019-2026
4046219634,"Pomacea canaliculata (Lamarck, 1822)",33.741723,130.461372,5.0,2023-02-20T16:29:23,2023.0,HUMAN_OBSERVATION,50c9509d-22c7-4a22-a47d-8c48425ef4a7,iNaturalist research-grade observations,Fukuoka,,2019-2026
4055066062,"Pomacea canaliculata (Lamarck, 1822)",35.353225,139.457403,,2023-03-05T11:10,2023.0,HUMAN_OBSERVATION,50c9509d-22c7-4a22-a47d-8c48425ef4a7,iNaturalist research-grade observations,Kanagawa,,2019-2026
4138654647,"Pomacea canaliculata (Lamarck, 1822)",34.731247,135.54068,4.0,2023-06-23T20:56:38,2023.0,HUMAN_OBSERVATION,50c9509d-22c7-4a22-a47d-8c48425ef4a7,iNaturalist research-grade observations,Osaka,,2019-2026
5087272807,"Pomacea canaliculata (Lamarck, 1822)",34.57841,135.511878,6.0,2023-06-27T15:06:09,2023.0,HUMAN_OBSERVATION,50c9509d-22c7-4a22-a47d-8c48425ef4a7,iNaturalist research-grade observations,Osaka,,2019-2026
6130416804,"Pomacea canaliculata (Lamarck, 1822)",34.586055,135.502616,5.0,2023-06-05T20:57:42,2023.0,HUMAN_OBSERVATION,50c9509d-22c7-4a22-a47d-8c48425ef4a7,iNaturalist research-grade observations,Osaka,,2019-2026
6498313210,"Pomacea canaliculata (Lamarck, 1822)",34.956188,138.40822,10.0,2023-06-03T21:15:43,2023.0,HUMAN_OBSERVATION,50c9509d-22c7-4a22-a47d-8c48425ef4a7,iNaturalist research-grade observations,Shizuoka,,2019-2026
4145629802,"Pomacea canaliculata (Lamarck, 1822)",33.562135,133.687845,2.0,2023-07-01T20:13,2023.0,HUMAN_OBSERVATION,50c9509d-22c7-4a22-a47d-8c48425ef4a7,iNaturalist research-grade observations,Kochi,,2019-2026
4599892631,"Pomacea canaliculata (Lamarck, 1822)",35.764092,140.755722,4.0,2023-08-06T11:43:19,2023.0,HUMAN_OBSERVATION,50c9509d-22c7-4a22-a47d-8c48425ef4a7,iNaturalist research-grade observations,Chiba,,2019-2026
4500861406,"Pomacea canaliculata (Lamarck, 1822)",34.457535,135.813381,,2023-09-21T15:25,2023.0,HUMAN_OBSERVATION,50c9509d-22c7-4a22-a47d-8c48425ef4a7,iNaturalist research-grade observations,Nara,,2019-2026
4512018961,"Pomacea canaliculata (Lamarck, 1822)",34.469037,135.80892,,2023-09-21T16:30,2023.0,HUMAN_OBSERVATION,50c9509d-22c7-4a22-a47d-8c48425ef4a7,iNaturalist research-grade observations,Nara,,2019-2026
4527998883,"Pomacea canaliculata (Lamarck, 1822)",35.111463,135.921978,183.0,2023-09-28T16:01:15,2023.0,HUMAN_OBSERVATION,50c9509d-22c7-4a22-a47d-8c48425ef4a7,iNaturalist research-grade observations,Shiga,,2019-2026
4528258893,"Pomacea canaliculata (Lamarck, 1822)",35.110972,135.921831,259.0,2023-09-28T16:00:51,2023.0,HUMAN_OBSERVATION,50c9509d-22c7-4a22-a47d-8c48425ef4a7,iNaturalist research-grade observations,Shiga,,2019-2026
5077094537,"Pomacea canaliculata (Lamarck, 1822)",34.556799,135.525865,11.0,2023-09-18T15:08:07,2023.0,HUMAN_OBSERVATION,50c9509d-22c7-4a22-a47d-8c48425ef4a7,iNaturalist research-grade observations,Osaka,,2019-2026
4413452573,"Pomacea canaliculata (Lamarck, 1822)",34.958503,138.424805,4.0,2022-06-15T17:57:07,2022.0,HUMAN_OBSERVATION,50c9509d-22c7-4a22-a47d-8c48425ef4a7,iNaturalist research-grade observations,Shizuoka,,2019-2026
3873431707,"Pomacea canaliculata (Lamarck, 1822)",33.82002,132.788238,5.0,2022-07-16T21:04:55,2022.0,HUMAN_OBSERVATION,50c9509d-22c7-4a22-a47d-8c48425ef4a7,iNaturalist research-grade observations,Ehime,,2019-2026
6196731077,"Pomacea canaliculata (Lamarck, 1822)",36.249162,139.724078,,2022-07-30,2022.0,PRESERVED_SPECIMEN,f0f52ff5-64d7-442f-8d12-da62a889667c,,Tochigi Prefecture,,2019-2026
6196731080,"Pomacea canaliculata (Lamarck, 1822)",36.287673,139.50855,,2022-07-30,2022.0,PRESERVED_SPECIMEN,f0f52ff5-64d7-442f-8d12-da62a889667c,,Tochigi Prefecture,,2019-2026
3889169737,"Pomacea canaliculata (Lamarck, 1822)",35.938361,140.443396,5.0,2022-08-04T14:31:06,2022.0,HUMAN_OBSERVATION,50c9509d-22c7-4a22-a47d-8c48425ef4a7,iNaturalist research-grade observations,Ibaraki,,2019-2026
3902809086,"Pomacea canaliculata (Lamarck, 1822)",34.771177,138.183481,,2022-08-23T07:32:54,2022.0,HUMAN_OBSERVATION,50c9509d-22c7-4a22-a47d-8c48425ef4a7,iNaturalist research-grade observations,Shizuoka,,2019-2026
3903096098,"Pomacea canaliculata (Lamarck, 1822)",34.968116,138.424791,6.0,2022-08-23T09:50:09,2022.0,HUMAN_OBSERVATION,50c9509d-22c7-4a22-a47d-8c48425ef4a7,iNaturalist research-grade observations,Shizuoka,,2019-2026
5087908557,"Pomacea canaliculata (Lamarck, 1822)",34.581063,135.529603,7.0,2022-09-14T16:21:27,2022.0,HUMAN_OBSERVATION,50c9509d-22c7-4a22-a47d-8c48425ef4a7,iNaturalist research-grade observations,Osaka,,2019-2026
3923576558,"Pomacea canaliculata (Lamarck, 1822)",36.061271,140.294602,54.0,2022-10-02T15:30,2022.0,HUMAN_OBSERVATION,50c9509d-22c7-4a22-a47d-8c48425ef4a7,iNaturalist research-grade observations,Ibaraki,,2019-2026
5008089362,"Pomacea canaliculata (Lamarck, 1822)",34.589962,135.545926,9.0,2022-12-14T11:11:22,2022.0,HUMAN_OBSERVATION,50c9509d-22c7-4a22-a47d-8c48425ef4a7,iNaturalist research-grade observations,Osaka,,2019-2026
6196727930,"Pomacea canaliculata (Lamarck, 1822)",36.291771,139.497365,,2021-03-25,2021.0,PRESERVED_SPECIMEN,f0f52ff5-64d7-442f-8d12-da62a889667c,,Tochigi Prefecture,,2019-2026
6196727944,"Pomacea canaliculata (Lamarck, 1822)",36.249142,139.724157,,2021-03-29,2021.0,PRESERVED_SPECIMEN,f0f52ff5-64d7-442f-8d12-da62a889667c,,Tochigi Prefecture,,2019-2026
6196727945,"Pomacea canaliculata (Lamarck, 1822)",36.250075,139.72638,,2021-03-29,2021.0,PRESERVED_SPECIMEN,f0f52ff5-64d7-442f-8d12-da62a889667c,,Tochigi Prefecture,,2019-2026
6196727947,"Pomacea canaliculata (Lamarck, 1822)",36.247674,139.720731,,2021-03-27,2021.0,PRESERVED_SPECIMEN,f0f52ff5-64d7-442f-8d12-da62a889667c,,Tochigi Prefecture,,2019-2026
6196727950,"Pomacea canaliculata (Lamarck, 1822)",36.257361,139.735207,,2021-03-29,2021.0,PRESERVED_SPECIMEN,f0f52ff5-64d7-442f-8d12-da62a889667c,,Tochigi Prefecture,,2019-2026
6196731082,"Pomacea canaliculata (Lamarck, 1822)",36.250868,139.722943,,2021-05-23,2021.0,PRESERVED_SPECIMEN,f0f52ff5-64d7-442f-8d12-da62a889667c,,Tochigi Prefecture,,2019-2026
6196731083,"Pomacea canaliculata (Lamarck, 1822)",36.250868,139.722943,,2021-06-01/2021-06-30,2021.0,PRESERVED_SPECIMEN,f0f52ff5-64d7-442f-8d12-da62a889667c,,Tochigi Prefecture,,2019-2026
3327939436,"Pomacea canaliculata (Lamarck, 1822)",35.342601,140.38464,,2021-07-12T15:30:24,2021.0,HUMAN_OBSERVATION,50c9509d-22c7-4a22-a47d-8c48425ef4a7,iNaturalist research-grade observations,Chiba,,2019-2026
3413409421,"Pomacea canaliculata (Lamarck, 1822)",34.499394,135.427092,,2020-10-16,2020.0,PRESERVED_SPECIMEN,aebd3dab-0a7c-4bd7-b08c-397a462cbd67,,Osaka,Ikegami-cho,2019-2026
5060440467,"Pomacea canaliculata (Lamarck, 1822)",34.73584,137.46741,,2020-10-21,2020.0,PRESERVED_SPECIMEN,810e15d2-f762-11e1-a439-00145eb45e9a,,Aichi,"Keshikiike, Unoya-cho",2019-2026
3413409434,"Pomacea canaliculata (Lamarck, 1822)",34.413487,135.41889,,2020-12-20,2020.0,PRESERVED_SPECIMEN,aebd3dab-0a7c-4bd7-b08c-397a462cbd67,,Osaka,Okayama-cho,2019-2026
3112311332,"Pomacea canaliculata (Lamarck, 1822)",34.96323,135.702408,20.0,2019-08-16T21:01:21,2019.0,HUMAN_OBSERVATION,50c9509d-22c7-4a22-a47d-8c48425ef4a7,iNaturalist research-grade observations,Kyoto,,2019-2026
4062851154,"Pomacea canaliculata (Lamarck, 1822)",35.07549,135.934951,2.0,2019-08-31,2019.0,HUMAN_OBSERVATION,50c9509d-22c7-4a22-a47d-8c48425ef4a7,iNaturalist research-grade observations,Shiga,,2019-2026
6196721691,"Pomacea canaliculata (Lamarck, 1822)",36.269701,139.278845,,2019-08-24,2019.0,PRESERVED_SPECIMEN,f0f52ff5-64d7-442f-8d12-da62a889667c,,Gunma Prefecture,,2019-2026
6196726514,"Pomacea canaliculata (Lamarck, 1822)",36.152609,139.70391,,2019-09-14,2019.0,PRESERVED_SPECIMEN,f0f52ff5-64d7-442f-8d12-da62a889667c,,Ibaraki Prefecture,,2019-2026
5060441105,"Pomacea canaliculata (Lamarck, 1822)",35.18143,136.90642,,2018-11-28,2018.0,PRESERVED_SPECIMEN,810e15d2-f762-11e1-a439-00145eb45e9a,,Aichi,Tobinosuike Funato-cho,2011-2018
2425381335,"Pomacea canaliculata (Lamarck, 1822)",32.8505,130.1973,,2017-01-14,2017.0,HUMAN_OBSERVATION,45ff6ac5-ee78-48dd-997f-3602025bc562,,Nagasaki Prefecture,"Tanae R., Unzen City, Nagasaki Prefecture, Japan",2011-2018
2425377926,"Pomacea canaliculata (Lamarck, 1822)",33.679,130.4328,,2017-02-25,2017.0,HUMAN_OBSERVATION,45ff6ac5-ee78-48dd-997f-3602025bc562,,Fukuoka Prefecture,"Tounoharu R., Fukuoka City, Fukuoka Prefecture, Japan",2011-2018
2425381379,"Pomacea canaliculata (Lamarck, 1822)",32.4832,130.2898,,2017-02-24,2017.0,HUMAN_OBSERVATION,45ff6ac5-ee78-48dd-997f-3602025bc562,,Kumamoto Prefecture,"Shimotsuura R., Amakusa City, Kumamoto Prefecture, Japan",2011-2018
2425381998,"Pomacea canaliculata (Lamarck, 1822)",32.6041,129.7812,,2017-03-26,2017.0,HUMAN_OBSERVATION,45ff6ac5-ee78-48dd-997f-3602025bc562,,Nagasaki Prefecture,"E R., Nagasaki City, Nagasaki Prefecture, Japan",2011-2018
2425380808,"Pomacea canaliculata (Lamarck, 1822)",32.4392,130.0182,,2017-04-13,2017.0,HUMAN_OBSERVATION,45ff6ac5-ee78-48dd-997f-3602025bc562,,Kumamoto Prefecture,"Komatsu R., Reihoku Town, Kumamoto Prefecture, Japan",2011-2018
2425380993,"Pomacea canaliculata (Lamarck, 1822)",32.5296,130.0931,,2017-04-12,2017.0,HUMAN_OBSERVATION,45ff6ac5-ee78-48dd-997f-3602025bc562,,Kumamoto Prefecture,"Matsubara R., Reihoku Town, Kumamoto Prefecture, Japan",2011-2018
2425381159,"Pomacea canaliculata (Lamarck, 1822)",32.2743,130.0322,,2017-04-14,2017.0,HUMAN_OBSERVATION,45ff6ac5-ee78-48dd-997f-3602025bc562,,Kumamoto Prefecture,"Kameura R., Amakusa City, Kumamoto Prefecture, Japan",2011-2018
2425381383,"Pomacea canaliculata (Lamarck, 1822)",32.5126,130.0444,,2017-04-13,2017.0,HUMAN_OBSERVATION,45ff6ac5-ee78-48dd-997f-3602025bc562,,Kumamoto Prefecture,"Mie R., Reihoku Town, Kumamoto Prefecture, Japan",2011-2018
2425381615,"Pomacea canaliculata (Lamarck, 1822)",32.5214,130.0746,,2017-04-13,2017.0,HUMAN_OBSERVATION,45ff6ac5-ee78-48dd-997f-3602025bc562,,Kumamoto Prefecture,"Koutsufukae R., Reihoku Town, Kumamoto Prefecture, Japan",2011-2018
2425379412,"Pomacea canaliculata (Lamarck, 1822)",32.2867,130.4782,,2017-05-27,2017.0,HUMAN_OBSERVATION,45ff6ac5-ee78-48dd-997f-3602025bc562,,Kumamoto Prefecture,"Mejima R., Ashikita Town, Kumamoto Prefecture, Japan",2011-2018
2425380269,"Pomacea canaliculata (Lamarck, 1822)",32.1682,130.3608,,2017-05-28,2017.0,HUMAN_OBSERVATION,45ff6ac5-ee78-48dd-997f-3602025bc562,,Kumamoto Prefecture,"Sakai R., Minamata City, Kumamoto Prefecture, Japan",2011-2018
2425380528,"Pomacea canaliculata (Lamarck, 1822)",32.3509,130.4994,,2017-05-28,2017.0,HUMAN_OBSERVATION,45ff6ac5-ee78-48dd-997f-3602025bc562,,Kumamoto Prefecture,"Kotaura R., Ashikita Town, Kumamoto Prefecture, Japan",2011-2018
1902184615,"Pomacea canaliculata (Lamarck, 1822)",33.496004,130.104382,,2017-06-13,2017.0,PRESERVED_SPECIMEN,5fb59b97-5ae7-473a-bb66-c4da8703700f,,,,2011-2018
1912820127,"Pomacea canaliculata (Lamarck, 1822)",33.495741,130.104354,,2017-06-15,2017.0,HUMAN_OBSERVATION,5fb59b97-5ae7-473a-bb66-c4da8703700f,,,,2011-2018
1912820193,"Pomacea canaliculata (Lamarck, 1822)",33.496459,130.104679,,2017-06-15,2017.0,HUMAN_OBSERVATION,5fb59b97-5ae7-473a-bb66-c4da8703700f,,,,2011-2018
2425378820,"Pomacea canaliculata (Lamarck, 1822)",33.2029,131.8611,,2017-07-20,2017.0,HUMAN_OBSERVATION,45ff6ac5-ee78-48dd-997f-3602025bc562,,Oita Prefecture,"Isshakuya R., Oita City, Oita Prefecture, Japan",2011-2018
2425379225,"Pomacea canaliculata (Lamarck, 1822)",32.8368,131.9422,,2017-07-21,2017.0,HUMAN_OBSERVATION,45ff6ac5-ee78-48dd-997f-3602025bc562,,Oita Prefecture,"Kusumoto R., Saiki City, Oita Prefecture, Japan",2011-2018
2425379489,"Pomacea canaliculata (Lamarck, 1822)",33.2479,131.8376,,2017-07-20,2017.0,HUMAN_OBSERVATION,45ff6ac5-ee78-48dd-997f-3602025bc562,,Oita Prefecture,"Syuki R., Oita City, Oita Prefecture, Japan",2011-2018
2425380244,"Pomacea canaliculata (Lamarck, 1822)",32.8928,131.9854,,2017-07-21,2017.0,HUMAN_OBSERVATION,45ff6ac5-ee78-48dd-997f-3602025bc562,,Oita Prefecture,"Irori R., Saiki City, Oita Prefecture, Japan",2011-2018
2425380697,"Pomacea canaliculata (Lamarck, 1822)",33.0133,131.9045,,2017-07-21,2017.0,HUMAN_OBSERVATION,45ff6ac5-ee78-48dd-997f-3602025bc562,,Oita Prefecture,"Kariu R., Saiki City, Oita Prefecture, Japan",2011-2018
2425382478,"Pomacea canaliculata (Lamarck, 1822)",32.7621,129.9989,,2017-07-14,2017.0,HUMAN_OBSERVATION,45ff6ac5-ee78-48dd-997f-3602025bc562,,Nagasaki Prefecture,"Tayui R., Isahaya City, Nagasaki Prefecture, Japan",2011-2018
2248755634,"Pomacea canaliculata (Lamarck, 1822)",36.767387,137.46935,,2017-08-30,2017.0,MATERIAL_SAMPLE,040c5662-da76-4782-a48e-cdea1892d14c,,,,2011-2018
2248755841,"Pomacea canaliculata (Lamarck, 1822)",36.767387,137.46935,,2017-08-29,2017.0,MATERIAL_SAMPLE,040c5662-da76-4782-a48e-cdea1892d14c,,,,2011-2018
2425378333,"Pomacea canaliculata (Lamarck, 1822)",33.8959,130.9174,,2017-09-10,2017.0,HUMAN_OBSERVATION,45ff6ac5-ee78-48dd-997f-3602025bc562,,Fukuoka Prefecture,"Muranaka R., Kitakyushu City, Fukuoka Prefecture, Japan",2011-2018
2425378631,"Pomacea canaliculata (Lamarck, 1822)",33.8921,130.9046,,2017-09-10,2017.0,HUMAN_OBSERVATION,45ff6ac5-ee78-48dd-997f-3602025bc562,,Fukuoka Prefecture,"Enmeiji R., Kitakyushu City, Fukuoka Prefecture, Japan",2011-2018
2425379383,"Pomacea canaliculata (Lamarck, 1822)",31.5817,130.7831,,2017-11-08,2017.0,HUMAN_OBSERVATION,45ff6ac5-ee78-48dd-997f-3602025bc562,,Kagoshima Prefecture,"Matsusaki R., Tarumizu City, Kagoshima Prefecture, Japan",2011-2018
2425379407,"Pomacea canaliculata (Lamarck, 1822)",31.5576,130.7291,,2017-11-08,2017.0,HUMAN_OBSERVATION,45ff6ac5-ee78-48dd-997f-3602025bc562,,Kagoshima Prefecture,"Heta R., Tarumizu City, Kagoshima Prefecture, Japan",2011-2018
2425379627,"Pomacea canaliculata (Lamarck, 1822)",31.4427,130.7375,,2017-11-07,2017.0,HUMAN_OBSERVATION,45ff6ac5-ee78-48dd-997f-3602025bc562,,Kagoshima Prefecture,"Kotani R., Tarumizu City, Kagoshima Prefecture, Japan",2011-2018
2425380101,"Pomacea canaliculata (Lamarck, 1822)",31.4298,130.7516,,2017-11-07,2017.0,HUMAN_OBSERVATION,45ff6ac5-ee78-48dd-997f-3602025bc562,,Kagoshima Prefecture,"Makata R., Tarumizu City, Kagoshima Prefecture, Japan",2011-2018
2425380430,"Pomacea canaliculata (Lamarck, 1822)",31.6781,130.8139,,2017-11-08,2017.0,HUMAN_OBSERVATION,45ff6ac5-ee78-48dd-997f-3602025bc562,,Kagoshima Prefecture,"Minato R., Tarumizu City, Kagoshima Prefecture, Japan",2011-2018
2425380483,"Pomacea canaliculata (Lamarck, 1822)",31.7044,130.7847,,2017-11-06,2017.0,HUMAN_OBSERVATION,45ff6ac5-ee78-48dd-997f-3602025bc562,,Kagoshima Prefecture,"Kenkou R., Kirishima City, Kagoshima Prefecture, Japan",2011-2018
2425380666,"Pomacea canaliculata (Lamarck, 1822)",31.4969,130.6977,,2017-11-08,2017.0,HUMAN_OBSERVATION,45ff6ac5-ee78-48dd-997f-3602025bc562,,Kagoshima Prefecture,"Kawasaki R., Tarumizu City, Kagoshima Prefecture, Japan",2011-2018
2425380949,"Pomacea canaliculata (Lamarck, 1822)",31.6976,130.7994,,2017-11-06,2017.0,HUMAN_OBSERVATION,45ff6ac5-ee78-48dd-997f-3602025bc562,,Kagoshima Prefecture,"Takahashi R., Kirishima City, Kagoshima Prefecture, Japan",2011-2018
2425381409,"Pomacea canaliculata (Lamarck, 1822)",32.8232,130.3549,,2017-11-16,2017.0,HUMAN_OBSERVATION,45ff6ac5-ee78-48dd-997f-3602025bc562,,Nagasaki Prefecture,"Nishi R., Shimabara City, Nagasaki Prefecture, Japan",2011-2018
2425382152,"Pomacea canaliculata (Lamarck, 1822)",32.6205,130.2336,,2017-11-16,2017.0,HUMAN_OBSERVATION,45ff6ac5-ee78-48dd-997f-3602025bc562,,Nagasaki Prefecture,"Nakatani R., Minamishimabara City, Nagasaki Prefecture, Japan",2011-2018
2425382332,"Pomacea canaliculata (Lamarck, 1822)",32.8662,130.2337,,2017-11-16,2017.0,HUMAN_OBSERVATION,45ff6ac5-ee78-48dd-997f-3602025bc562,,Nagasaki Prefecture,"Saigou R., Unzen City, Nagasaki Prefecture, Japan",2011-2018
2425382592,"Pomacea canaliculata (Lamarck, 1822)",32.6467,130.1293,,2017-11-17,2017.0,HUMAN_OBSERVATION,45ff6ac5-ee78-48dd-997f-3602025bc562,,Nagasaki Prefecture,"Tsubami R., Minamishimabara City, Nagasaki Prefecture, Japan",2011-2018
2425378691,"Pomacea canaliculata (Lamarck, 1822)",33.5807,131.2984,,2016-03-28,2016.0,HUMAN_OBSERVATION,45ff6ac5-ee78-48dd-997f-3602025bc562,,Oita Prefecture,"Iroha R., Usa City, Oita Prefecture, Japan",2011-2018
2425378701,"Pomacea canaliculata (Lamarck, 1822)",33.3726,131.617,,2016-03-29,2016.0,HUMAN_OBSERVATION,45ff6ac5-ee78-48dd-997f-3602025bc562,,Oita Prefecture,"Toshida R., Kitsuki City, Oita Prefecture, Japan",2011-2018
1291088718,"Pomacea canaliculata (Lamarck, 1822)",35.139993,138.769788,,2016-06-26T17:36:22,2016.0,HUMAN_OBSERVATION,50c9509d-22c7-4a22-a47d-8c48425ef4a7,iNaturalist research-grade observations,Shizuoka,,2011-2018
1291088815,"Pomacea canaliculata (Lamarck, 1822)",35.140018,138.769792,,2016-06-26T17:36:44,2016.0,HUMAN_OBSERVATION,50c9509d-22c7-4a22-a47d-8c48425ef4a7,iNaturalist research-grade observations,Shizuoka,,2011-2018
1291088984,"Pomacea canaliculata (Lamarck, 1822)",35.13726,138.812748,,2016-06-26T18:03:45,2016.0,HUMAN_OBSERVATION,50c9509d-22c7-4a22-a47d-8c48425ef4a7,iNaturalist research-grade observations,Shizuoka,,2011-2018
2425378641,"Pomacea canaliculata (Lamarck, 1822)",33.5315,131.737,,2016-07-02,2016.0,HUMAN_OBSERVATION,45ff6ac5-ee78-48dd-997f-3602025bc562,,Oita Prefecture,"Jiroumaru R., Kunisaki City, Oita Prefecture, Japan",2011-2018
2425378763,"Pomacea canaliculata (Lamarck, 1822)",33.6722,131.5285,,2016-07-02,2016.0,HUMAN_OBSERVATION,45ff6ac5-ee78-48dd-997f-3602025bc562,,Oita Prefecture,"Mime R., Bungotakada City, Oita Prefecture, Japan",2011-2018
2425381007,"Pomacea canaliculata (Lamarck, 1822)",32.8874,130.5131,,2016-07-22,2016.0,HUMAN_OBSERVATION,45ff6ac5-ee78-48dd-997f-3602025bc562,,Kumamoto Prefecture,"Sakai R., Tamana City, Kumamoto Prefecture, Japan",2011-2018
2425381364,"Pomacea canaliculata (Lamarck, 1822)",32.9894,129.6534,,2016-07-01,2016.0,HUMAN_OBSERVATION,45ff6ac5-ee78-48dd-997f-3602025bc562,,Nagasaki Prefecture,"Yunoki R., Saikai City, Nagasaki Prefecture, Japan",2011-2018
2425382804,"Pomacea canaliculata (Lamarck, 1822)",33.5276,129.9493,,2016-07-15,2016.0,HUMAN_OBSERVATION,45ff6ac5-ee78-48dd-997f-3602025bc562,,Saga Prefecture,"Hashimoto R., Karatsu City, Saga Prefecture, Japan",2011-2018
2425379151,"Pomacea canaliculata (Lamarck, 1822)",31.7419,131.471,,2016-08-18,2016.0,HUMAN_OBSERVATION,45ff6ac5-ee78-48dd-997f-3602025bc562,,Miyazaki Prefecture,"Nojima R., Miyazaki City, Miyazaki Prefecture, Japan",2011-2018
2425379400,"Pomacea canaliculata (Lamarck, 1822)",32.7521,131.8713,,2016-08-17,2016.0,HUMAN_OBSERVATION,45ff6ac5-ee78-48dd-997f-3602025bc562,,Oita Prefecture,"Hatoudu R., Saiki City, Oita Prefecture, Japan",2011-2018
2425380670,"Pomacea canaliculata (Lamarck, 1822)",32.7918,131.8774,,2016-08-17,2016.0,HUMAN_OBSERVATION,45ff6ac5-ee78-48dd-997f-3602025bc562,,Oita Prefecture,"Seri R., Saiki City, Oita Prefecture, Japan",2011-2018
2425380710,"Pomacea canaliculata (Lamarck, 1822)",31.7342,131.4627,,2016-08-18,2016.0,HUMAN_OBSERVATION,45ff6ac5-ee78-48dd-997f-3602025bc562,,Miyazaki Prefecture,"Kouchiumi R., Miyazaki City, Miyazaki Prefecture, Japan",2011-2018
2425380841,"Pomacea canaliculata (Lamarck, 1822)",32.9054,130.4766,,2016-08-02,2016.0,HUMAN_OBSERVATION,45ff6ac5-ee78-48dd-997f-3602025bc562,,Kumamoto Prefecture,"Ikusue R., Tamana City, Kumamoto Prefecture, Japan",2011-2018
2425383057,"Pomacea canaliculata (Lamarck, 1822)",33.2375,129.4361,,2016-08-31,2016.0,HUMAN_OBSERVATION,45ff6ac5-ee78-48dd-997f-3602025bc562,,Nagasaki Prefecture,"Nakatsura R., Hirado City, Nagasaki Prefecture, Japan",2011-2018
2425382384,"Pomacea canaliculata (Lamarck, 1822)",33.2888,129.478,,2016-09-14,2016.0,HUMAN_OBSERVATION,45ff6ac5-ee78-48dd-997f-3602025bc562,,Nagasaki Prefecture,"Yasuman R., Hirado City, Nagasaki Prefecture, Japan",2011-2018
2425382877,"Pomacea canaliculata (Lamarck, 1822)",33.5236,130.1408,,2016-09-15,2016.0,HUMAN_OBSERVATION,45ff6ac5-ee78-48dd-997f-3602025bc562,,Fukuoka Prefecture,"Masuerakan R., Itoshima City, Fukuoka Prefecture, Japan",2011-2018
2425383135,"Pomacea canaliculata (Lamarck, 1822)",33.5227,130.1404,,2016-09-15,2016.0,HUMAN_OBSERVATION,45ff6ac5-ee78-48dd-997f-3602025bc562,,Fukuoka Prefecture,"Ikisan R., Itoshima City, Fukuoka Prefecture, Japan",2011-2018
2425383214,"Pomacea canaliculata (Lamarck, 1822)",33.2867,129.4773,,2016-09-14,2016.0,HUMAN_OBSERVATION,45ff6ac5-ee78-48dd-997f-3602025bc562,,Nagasaki Prefecture,"Magome R., Hirado City, Nagasaki Prefecture, Japan",2011-2018
6196733490,"Pomacea canaliculata (Lamarck, 1822)",36.16111,139.69979,,2016-09-26,2016.0,PRESERVED_SPECIMEN,f0f52ff5-64d7-442f-8d12-da62a889667c,,Ibaraki Prefecture,,2011-2018
2425378576,"Pomacea canaliculata (Lamarck, 1822)",33.8779,130.6012,,2016-10-13,2016.0,HUMAN_OBSERVATION,45ff6ac5-ee78-48dd-997f-3602025bc562,,Fukuoka Prefecture,"Shioiri R., Okagaki Town, Fukuoka Prefecture, Japan",2011-2018
5060440588,"Pomacea canaliculata (Lamarck, 1822)",35.18143,136.90642,,2016-11-08,2016.0,PRESERVED_SPECIMEN,810e15d2-f762-11e1-a439-00145eb45e9a,,Aichi,"Tanmo-ike, Oiwa-cho",2011-2018
2425380198,"Pomacea canaliculata (Lamarck, 1822)",32.6259,130.5897,,2016-12-10,2016.0,HUMAN_OBSERVATION,45ff6ac5-ee78-48dd-997f-3602025bc562,,Kumamoto Prefecture,"Omi R., Uki City, Kumamoto Prefecture, Japan",2011-2018
2425383177,"Pomacea canaliculata (Lamarck, 1822)",33.4468,129.8524,,2015-04-27,2015.0,HUMAN_OBSERVATION,45ff6ac5-ee78-48dd-997f-3602025bc562,,Saga Prefecture,"Sozoro R., Karatsu City, Saga Prefecture, Japan",2011-2018
2425383256,"Pomacea canaliculata (Lamarck, 1822)",33.3259,129.8471,,2015-04-28,2015.0,HUMAN_OBSERVATION,45ff6ac5-ee78-48dd-997f-3602025bc562,,Saga Prefecture,"Hai R., Imari City, Saga Prefecture, Japan",2011-2018
2425377602,"Pomacea canaliculata (Lamarck, 1822)",33.5873,130.3117,,2015-05-16,2015.0,HUMAN_OBSERVATION,45ff6ac5-ee78-48dd-997f-3602025bc562,,Fukuoka Prefecture,"Jyurou R., Fukuoka City, Fukuoka Prefecture, Japan",2011-2018
2425377693,"Pomacea canaliculata (Lamarck, 1822)",33.6144,130.1618,,2015-05-20,2015.0,HUMAN_OBSERVATION,45ff6ac5-ee78-48dd-997f-3602025bc562,,Fukuoka Prefecture,"Sakurai R., Itoshima City, Fukuoka Prefecture, Japan",2011-2018
2425382623,"Pomacea canaliculata (Lamarck, 1822)",33.2865,129.837,,2015-05-05,2015.0,HUMAN_OBSERVATION,45ff6ac5-ee78-48dd-997f-3602025bc562,,Saga Prefecture,"Sato R., Imari City, Saga Prefecture, Japan",2011-2018
2425383066,"Pomacea canaliculata (Lamarck, 1822)",33.3645,129.6446,,2015-05-17,2015.0,HUMAN_OBSERVATION,45ff6ac5-ee78-48dd-997f-3602025bc562,,Nagasaki Prefecture,"Kashii R., Matsuura City, Nagasaki Prefecture, Japan",2011-2018
2425382957,"Pomacea canaliculata (Lamarck, 1822)",33.3539,129.7669,,2015-06-29,2015.0,HUMAN_OBSERVATION,45ff6ac5-ee78-48dd-997f-3602025bc562,,Nagasaki Prefecture,"Imahuku R., Matsuura City, Nagasaki Prefecture, Japan",2011-2018
1132409233,"Pomacea canaliculata (Lamarck, 1822)",34.492177,134.856292,,2015-07-19T15:03:45,2015.0,HUMAN_OBSERVATION,50c9509d-22c7-4a22-a47d-8c48425ef4a7,iNaturalist research-grade observations,Hyōgo,,2011-2018
2425377841,"Pomacea canaliculata (Lamarck, 1822)",33.762,130.47,,2015-08-30,2015.0,HUMAN_OBSERVATION,45ff6ac5-ee78-48dd-997f-3602025bc562,,Fukuoka Prefecture,"Saigou R., Fukutsu City, Fukuoka Prefecture, Japan",2011-2018
2425378635,"Pomacea canaliculata (Lamarck, 1822)",33.634,131.0878,,2015-08-28,2015.0,HUMAN_OBSERVATION,45ff6ac5-ee78-48dd-997f-3602025bc562,,Fukuoka Prefecture,"Kakuta R., Buzen City, Fukuoka Prefecture, Japan",2011-2018
2425378156,"Pomacea canaliculata (Lamarck, 1822)",33.8841,130.6321,,2015-10-24,2015.0,HUMAN_OBSERVATION,45ff6ac5-ee78-48dd-997f-3602025bc562,,Fukuoka Prefecture,"Yahagi R., Okagaki Town, Fukuoka Prefecture, Japan",2011-2018
2425381763,"Pomacea canaliculata (Lamarck, 1822)",33.0712,130.1477,,2015-10-02,2015.0,HUMAN_OBSERVATION,45ff6ac5-ee78-48dd-997f-3602025bc562,,Saga Prefecture,"Kuroki R., Kashima City, Saga Prefecture, Japan",2011-2018
2425382610,"Pomacea canaliculata (Lamarck, 1822)",33.0174,129.6494,,2015-10-11,2015.0,HUMAN_OBSERVATION,45ff6ac5-ee78-48dd-997f-3602025bc562,,Nagasaki Prefecture,"Ekawauchi R., Saikai City, Nagasaki Prefecture, Japan",2011-2018
2425377742,"Pomacea canaliculata (Lamarck, 1822)",33.6144,130.2349,,2015-11-25,2015.0,HUMAN_OBSERVATION,45ff6ac5-ee78-48dd-997f-3602025bc562,,Fukuoka Prefecture,"Obaru. R., Fukuoka City, Fukuoka Prefecture, Japan",2011-2018
2425378323,"Pomacea canaliculata (Lamarck, 1822)",33.8096,130.9662,,2015-11-10,2015.0,HUMAN_OBSERVATION,45ff6ac5-ee78-48dd-997f-3602025bc562,,Fukuoka Prefecture,"Kusami R., Kitakyushu City, Fukuoka Prefecture, Japan",2011-2018
2425378403,"Pomacea canaliculata (Lamarck, 1822)",33.9006,130.9867,,2015-11-10,2015.0,HUMAN_OBSERVATION,45ff6ac5-ee78-48dd-997f-3602025bc562,,Fukuoka Prefecture,"Otsubo R., Kitakyushu City, Fukuoka Prefecture, Japan",2011-2018
2425381563,"Pomacea canaliculata (Lamarck, 1822)",33.0554,130.1605,,2015-11-27,2015.0,HUMAN_OBSERVATION,45ff6ac5-ee78-48dd-997f-3602025bc562,,Saga Prefecture,"Iida R., Kashima City, Saga Prefecture, Japan",2011-2018
2425378513,"Pomacea canaliculata (Lamarck, 1822)",33.6179,131.1087,,2015-12-26,2015.0,HUMAN_OBSERVATION,45ff6ac5-ee78-48dd-997f-3602025bc562,,Fukuoka Prefecture,"Naka R., Buzen City, Fukuoka Prefecture, Japan",2011-2018
2425378625,"Pomacea canaliculata (Lamarck, 1822)",33.5809,131.3249,,2015-12-13,2015.0,HUMAN_OBSERVATION,45ff6ac5-ee78-48dd-997f-3602025bc562,,Oita Prefecture,"Yamashiro R., Usa City, Oita Prefecture, Japan",2011-2018
2425382262,"Pomacea canaliculata (Lamarck, 1822)",32.8352,129.7126,,2015-12-12,2015.0,HUMAN_OBSERVATION,45ff6ac5-ee78-48dd-997f-3602025bc562,,Nagasaki Prefecture,"Kurosaki R., Nagasaki City, Nagasaki Prefecture, Japan",2011-2018
2429330790,"Pomacea canaliculata (Lamarck, 1822)",26.487956,127.844621,59.0,2014-10-25,2014.0,HUMAN_OBSERVATION,50c9509d-22c7-4a22-a47d-8c48425ef4a7,iNaturalist research-grade observations,Okinawa,,2011-2018
5060456893,"Pomacea canaliculata (Lamarck, 1822)",34.73584,137.46741,,2013-01-30,2013.0,PRESERVED_SPECIMEN,810e15d2-f762-11e1-a439-00145eb45e9a,,Aichi,"Keshiki Pond, Unoya-cho",2011-2018
5060440363,"Pomacea canaliculata (Lamarck, 1822)",34.713,137.47037,,2013-11-19,2013.0,PRESERVED_SPECIMEN,810e15d2-f762-11e1-a439-00145eb45e9a,,Aichi,"Hirayamaike, Housei-cho",2011-2018
5060456706,"Pomacea canaliculata (Lamarck, 1822)",34.73637,137.40631,,2011-01-19,2011.0,PRESERVED_SPECIMEN,810e15d2-f762-11e1-a439-00145eb45e9a,,Aichi,"Pond Shimizu, Ejima-cho",2011-2018
5060451904,"Pomacea canaliculata (Lamarck, 1822)",34.74899,137.45963,,2011-12-15,2011.0,PRESERVED_SPECIMEN,810e15d2-f762-11e1-a439-00145eb45e9a,,Aichi,"Pond Miyamae, Iwasaki-cho",2011-2018
4901090795,"Pomacea canaliculata (Lamarck, 1822)",34.728846,135.538021,301.0,2009-05-09T14:25,2009.0,HUMAN_OBSERVATION,50c9509d-22c7-4a22-a47d-8c48425ef4a7,iNaturalist research-grade observations,Osaka,,-2010
1830847186,"Pomacea canaliculata (Lamarck, 1822)",34.72039,137.43109,,2009-10-25,2009.0,PRESERVED_SPECIMEN,810e15d2-f762-11e1-a439-00145eb45e9a,,Aichi,"Toyohashi Zoo and Botanical Park, Oana, Oiwa-cho",-2010
729652047,"Pomacea canaliculata (Lamarck, 1822)",33.819698,130.957,,1998-11-24,1998.0,PRESERVED_SPECIMEN,7201065d-95ac-4706-bb2b-9fd04209fc8d,,Fukuoka,,-2010
1829670756,"Pomacea canaliculata (Lamarck, 1822)",27.386389,128.613056,,1997-05-30,1997.0,PRESERVED_SPECIMEN,95f883c4-f762-11e1-a439-00145eb45e9a,,Kagoshima,"Tomb of Yononushinohaka, Uchijiro, Okinoerabu-jima Island, Uchijiro",-2010
1829670736,"Pomacea canaliculata (Lamarck, 1822)",24.458611,123.000556,,1996-05-30,1996.0,PRESERVED_SPECIMEN,95f883c4-f762-11e1-a439-00145eb45e9a,,Okinawa,"The head of Taburuga Riv., Sonai",-2010
729652256,"Pomacea canaliculata (Lamarck, 1822)",33.745399,131.015,,1996-06-29,1996.0,PRESERVED_SPECIMEN,7201065d-95ac-4706-bb2b-9fd04209fc8d,,Fukuoka,,-2010
1829668059,"Pomacea canaliculata (Lamarck, 1822)",36.379444,139.015833,,1995-03-06,1995.0,PRESERVED_SPECIMEN,95f883c4-f762-11e1-a439-00145eb45e9a,,Gunma,Sugayamachi,-2010
1829670757,"Pomacea canaliculata (Lamarck, 1822)",35.005,134.359722,,1992-11-01/1992-11-30,1992.0,PRESERVED_SPECIMEN,95f883c4-f762-11e1-a439-00145eb45e9a,,Hyogo,,-2010
5060400624,"Pomacea canaliculata (Lamarck, 1822)",35.3754,136.80211,,1989-01-02,1989.0,PRESERVED_SPECIMEN,869e4288-f762-11e1-a439-00145eb45e9a,,Gifu,,-2010
5060400655,"Pomacea canaliculata (Lamarck, 1822)",35.3754,136.80211,,1988-10-10,1988.0,PRESERVED_SPECIMEN,869e4288-f762-11e1-a439-00145eb45e9a,,Gifu,,-2010
5060400748,"Pomacea canaliculata (Lamarck, 1822)",35.3754,136.80211,,1988-11-10,1988.0,PRESERVED_SPECIMEN,869e4288-f762-11e1-a439-00145eb45e9a,,Gifu,,-2010
1830577446,"Pomacea canaliculata (Lamarck, 1822)",34.123809,135.181185,,1985-11-01/1985-11-30,1985.0,PRESERVED_SPECIMEN,e9ef15ac-1078-44c1-bc86-f1ecc4115a68,,Wakayama,"Hiraike Pond, Kishigawacho-Kodo",-2010
1829667959,"Pomacea canaliculata (Lamarck, 1822)",36.513611,139.024167,,1985-12-15,1985.0,PRESERVED_SPECIMEN,95f883c4-f762-11e1-a439-00145eb45e9a,,Gunma,Akagimachitaru,-2010
5060394468,"Pomacea canaliculata (Lamarck, 1822)",34.73769,135.34183,,1984-02-01/1984-02-29,1984.0,PRESERVED_SPECIMEN,869e4288-f762-11e1-a439-00145eb45e9a,,Hyogo,,-2010
1830577069,"Pomacea canaliculata (Lamarck, 1822)",33.47013,135.78003,,1983-03-07,1983.0,PRESERVED_SPECIMEN,e9ef15ac-1078-44c1-bc86-f1ecc4115a68,,Wakayama,Kushimoto,-2010
5060394796,"Pomacea canaliculata (Lamarck, 1822)",32.69319,130.65546,,1982-10-01/1982-10-31,1982.0,PRESERVED_SPECIMEN,869e4288-f762-11e1-a439-00145eb45e9a,,Kumamoto,,-2010
1830847178,"Pomacea canaliculata (Lamarck, 1822)",34.72039,137.43109,,,,PRESERVED_SPECIMEN,810e15d2-f762-11e1-a439-00145eb45e9a,,Aichi,"Toyohashi Zoo and Botanical Park, Oana, Oiwa-cho",Unknown
4920289320,"Pomacea canaliculata (Lamarck, 1822)",35.36172,136.7196,,,,HUMAN_OBSERVATION,26820b90-367e-4029-b70c-db601c591128,,Gifu,Gifu,Unknown
4920289327,"Pomacea canaliculata (Lamarck, 1822)",36.007537,140.58343,,,,MATERIAL_CITATION,26820b90-367e-4029-b70c-db601c591128,,Ibaraki,Kitaura,Unknown
4920289374,"Pomacea canaliculata (Lamarck, 1822)",34.5956,135.76194,,,,HUMAN_OBSERVATION,26820b90-367e-4029-b70c-db601c591128,,Nara,Ando,Unknown
4920289393,"Pomacea canaliculata (Lamarck, 1822)",34.16818,134.460672,,,,MATERIAL_CITATION,26820b90-367e-4029-b70c-db601c591128,,Tokushima,Kanto,Unknown
4920289411,"Pomacea canaliculata (Lamarck, 1822)",34.120398,134.401994,,,,MATERIAL_CITATION,26820b90-367e-4029-b70c-db601c591128,,Tokushima,Shichijo,Unknown
4920289421,"Pomacea canaliculata (Lamarck, 1822)",33.89828,135.17665,,,,HUMAN_OBSERVATION,26820b90-367e-4029-b70c-db601c591128,,Wakayama,Gobo,Unknown
4920289458,"Pomacea canaliculata (Lamarck, 1822)",34.99793,134.98496,,,,HUMAN_OBSERVATION,26820b90-367e-4029-b70c-db601c591128,,Hyogo,Ono,Unknown
4920289497,"Pomacea canaliculata (Lamarck, 1822)",34.70132,137.857397,,,,MATERIAL_CITATION,26820b90-367e-4029-b70c-db601c591128,,Shizuoka,Iwata,Unknown
4920289500,"Pomacea canaliculata (Lamarck, 1822)",35.29241,136.68942,,,,HUMAN_OBSERVATION,26820b90-367e-4029-b70c-db601c591128,,Gifu,Hashima,Unknown
4920289509,"Pomacea canaliculata (Lamarck, 1822)",34.6748,135.79618,,,,HUMAN_OBSERVATION,26820b90-367e-4029-b70c-db601c591128,,Nara,Kashiwagi,Unknown
4920289522,"Pomacea canaliculata (Lamarck, 1822)",33.759793,133.622783,,,,MATERIAL_CITATION,26820b90-367e-4029-b70c-db601c591128,,Kochi,Kinozu,Unknown
4920289535,"Pomacea canaliculata (Lamarck, 1822)",36.078629,138.080354,,,,MATERIAL_CITATION,26820b90-367e-4029-b70c-db601c591128,,Nagano,Shimosuwa,Unknown
4920289544,"Pomacea canaliculata (Lamarck, 1822)",33.77365,135.3106,,,,HUMAN_OBSERVATION,26820b90-367e-4029-b70c-db601c591128,,Wakayama,Minabe,Unknown
4920289548,"Pomacea canaliculata (Lamarck, 1822)",35.487291,133.890981,,,,MATERIAL_CITATION,26820b90-367e-4029-b70c-db601c591128,,Tottori,Yurihama,Unknown
4920289613,"Pomacea canaliculata (Lamarck, 1822)",24.356875,123.80273,,,,MATERIAL_CITATION,26820b90-367e-4029-b70c-db601c591128,,Okinawa,Iriomote Isle,Unknown
4920289618,"Pomacea canaliculata (Lamarck, 1822)",33.822583,132.807356,,,,MATERIAL_CITATION,26820b90-367e-4029-b70c-db601c591128,,Ehime,Matsuyama,Unknown
4920289621,"Pomacea canaliculata (Lamarck, 1822)",34.68235,133.933588,,,,MATERIAL_CITATION,26820b90-367e-4029-b70c-db601c591128,,Okayama,Okayama,Unknown
4920289671,"Pomacea canaliculata (Lamarck, 1822)",35.47124,133.87754,,,,HUMAN_OBSERVATION,26820b90-367e-4029-b70c-db601c591128,,Tottori,Kadota,Unknown
4920289683,"Pomacea canaliculata (Lamarck, 1822)",32.649228,130.965035,,,,MATERIAL_CITATION,26820b90-367e-4029-b70c-db601c591128,,Kumamoto,Aradani,Unknown
4920289693,"Pomacea canaliculata (Lamarck, 1822)",36.101944,140.373056,,,,MATERIAL_CITATION,26820b90-367e-4029-b70c-db601c591128,,Ibaraki,Kasumigaura Lake,Unknown
4920289781,"Pomacea canaliculata (Lamarck, 1822)",35.47969,133.8025,,,,HUMAN_OBSERVATION,26820b90-367e-4029-b70c-db601c591128,,Tottori,Shimotuwa,Unknown
4920289800,"Pomacea canaliculata (Lamarck, 1822)",34.30036,134.75185,,,,HUMAN_OBSERVATION,26820b90-367e-4029-b70c-db601c591128,,Hyogo,Ichitokunaga,Unknown
4920289861,"Pomacea canaliculata (Lamarck, 1822)",32.979483,130.813333,,,,MATERIAL_CITATION,26820b90-367e-4029-b70c-db601c591128,,Kumamoto,Kikuchi,Unknown
4920289870,"Pomacea canaliculata (Lamarck, 1822)",34.767,134.91493,,,,HUMAN_OBSERVATION,26820b90-367e-4029-b70c-db601c591128,,Hyogo,Kako,Unknown
4920289872,"Pomacea canaliculata (Lamarck, 1822)",26.616204,127.981223,,,,MATERIAL_CITATION,26820b90-367e-4029-b70c-db601c591128,,Okinawa,Nago,Unknown
4920289881,"Pomacea canaliculata (Lamarck, 1822)",34.696699,135.799453,,,,MATERIAL_CITATION,26820b90-367e-4029-b70c-db601c591128,,Nara,Nara,Unknown
4920289922,"Pomacea canaliculata (Lamarck, 1822)",24.420672,124.203786,,,,MATERIAL_CITATION,26820b90-367e-4029-b70c-db601c591128,,Okinawa,Ishigaki Isle,Unknown
4920289933,"Pomacea canaliculata (Lamarck, 1822)",33.038486,130.850484,,,,MATERIAL_CITATION,26820b90-367e-4029-b70c-db601c591128,,Kumamoto,Kikuchi,Unknown
4920289936,"Pomacea canaliculata (Lamarck, 1822)",34.482922,133.346721,,,,MATERIAL_CITATION,26820b90-367e-4029-b70c-db601c591128,,Hiroshima,Fukuyama,Unknown
4920289994,"Pomacea canaliculata (Lamarck, 1822)",33.328917,130.417848,,,,MATERIAL_CITATION,26820b90-367e-4029-b70c-db601c591128,,Saga,Kamimine,Unknown
